time,state_abbr,precip
2019-04-01,AK,0.7149286
2019-04-01,AL,6.748787
2019-04-01,AR,5.9975805
2019-04-01,AZ,0.5446103
2019-04-01,CA,1.0125333
2019-04-01,CO,1.7243699
2019-04-01,FL,2.1584759
2019-04-01,GA,4.7871685
2019-04-01,IA,3.3002257
2019-04-01,ID,1.6062702
2019-04-01,IL,3.8751693
2019-04-01,IN,3.7436585
2019-04-01,KS,4.079963
2019-04-01,MD,4.5038896
2019-04-01,ME,3.088696
2019-04-01,MI,2.9245121
2019-04-01,MN,2.5337656
2019-04-01,MO,4.622562
2019-04-01,MS,6.5902324
2019-04-01,MT,1.307591
2019-04-01,NC,4.4382076
2019-04-01,ND,2.6323094
2019-04-01,NE,1.8736308
2019-04-01,NH,2.995355
2019-04-01,NM,0.9851642
2019-04-01,NV,1.3760947
2019-04-01,NY,5.7073436
2019-04-01,OH,4.3577576
2019-04-01,OK,5.3657317
2019-04-01,OR,2.3658404
2019-04-01,PA,3.7168934
2019-04-01,SC,4.0913877
2019-04-01,SD,1.7602367
2019-04-01,TN,4.759137
2019-04-01,TX,4.354437
2019-04-01,UT,1.5418129
2019-04-01,VA,4.3839264
2019-04-01,WA,2.8634088
2019-04-01,WI,3.1306448
2019-04-01,WV,4.6650653
2019-04-01,WY,1.6562927
2019-05-01,AK,1.5815877
2019-05-01,AL,3.318542
2019-05-01,AR,7.2781844
2019-05-01,AZ,0.7897912
2019-05-01,CA,1.8413378
2019-05-01,CO,2.2088563
2019-05-01,FL,2.0558057
2019-05-01,GA,1.8610634
2019-05-01,IA,9.611219
2019-05-01,ID,2.278099
2019-05-01,IL,4.921462
2019-05-01,IN,4.5984783
2019-05-01,KS,7.95202
2019-05-01,MD,5.409598
2019-05-01,ME,2.7839048
2019-05-01,MI,3.2894313
2019-05-01,MN,3.0775938
2019-05-01,MO,7.2348166
2019-05-01,MS,5.8140626
2019-05-01,MT,2.3561926
2019-05-01,NC,3.0189898
2019-05-01,ND,2.5752163
2019-05-01,NE,4.412754
2019-05-01,NH,2.1664374
2019-05-01,NM,1.3653048
2019-05-01,NV,2.2999468
2019-05-01,NY,4.7185593
2019-05-01,OH,4.1561246
2019-05-01,OK,9.614768
2019-05-01,OR,1.5432595
2019-05-01,PA,4.6569
2019-05-01,SC,1.9208244
2019-05-01,SD,4.317971
2019-05-01,TN,3.4849179
2019-05-01,TX,5.4266696
2019-05-01,UT,1.9950333
2019-05-01,VA,5.042183
2019-05-01,WA,1.4711039
2019-05-01,WI,4.431898
2019-05-01,WV,4.4023952
2019-05-01,WY,2.8557136
2018-01-01,AK,1.313776
2018-01-01,AL,2.48378
2018-01-01,AR,1.8387103
2018-01-01,AZ,0.5833736
2018-01-01,CA,3.0013845
2018-01-01,CO,0.51986134
2018-01-01,FL,2.2313309
2018-01-01,GA,2.688003
2018-01-01,IA,1.1563033
2018-01-01,ID,2.03416
2018-01-01,IL,1.5945286
2018-01-01,IN,1.785105
2018-01-01,KS,0.44617286
2018-01-01,MD,2.5795262
2018-01-01,ME,4.3426275
2018-01-01,MI,2.3139942
2018-01-01,MN,0.5747898
2018-01-01,MO,1.3659372
2018-01-01,MS,3.7411633
2018-01-01,MT,0.78940463
2018-01-01,NC,3.3656456
2018-01-01,ND,0.2008633
2018-01-01,NE,0.48325315
2018-01-01,NH,4.1850753
2018-01-01,NM,0.28426006
2018-01-01,NV,1.2001486
2018-01-01,NY,3.4531202
2018-01-01,OH,2.0953028
2018-01-01,OK,0.38309342
2018-01-01,OR,3.6794405
2018-01-01,PA,3.1975625
2018-01-01,SC,2.6466424
2018-01-01,SD,0.29004666
2018-01-01,TN,2.417279
2018-01-01,TX,0.7746235
2018-01-01,UT,0.8377495
2018-01-01,VA,2.0563557
2018-01-01,WA,4.3501534
2018-01-01,WI,1.3915373
2018-01-01,WV,2.2362192
2018-01-01,WY,0.509366
2018-02-01,AK,1.6350856
2018-02-01,AL,7.2521086
2018-02-01,AR,9.411072
2018-02-01,AZ,0.5758548
2018-02-01,CA,1.2050749
2018-02-01,CO,0.7593139
2018-02-01,FL,0.78039014
2018-02-01,GA,5.3556547
2018-02-01,IA,2.7863045
2018-02-01,ID,1.6126648
2018-02-01,IL,5.25992
2018-02-01,IN,6.780913
2018-02-01,KS,0.6083109
2018-02-01,MD,4.795645
2018-02-01,ME,2.7899516
2018-02-01,MI,3.019139
2018-02-01,MN,0.91879433
2018-02-01,MO,4.017644
2018-02-01,MS,7.690994
2018-02-01,MT,1.3013113
2018-02-01,NC,3.3385823
2018-02-01,ND,0.5194182
2018-02-01,NE,0.7027956
2018-02-01,NH,3.8715153
2018-02-01,NM,0.52764314
2018-02-01,NV,0.5650728
2018-02-01,NY,4.771246
2018-02-01,OH,5.836969
2018-02-01,OK,2.5103204
2018-02-01,OR,2.6346724
2018-02-01,PA,5.3309045
2018-02-01,SC,2.7658346
2018-02-01,SD,0.8846589
2018-02-01,TN,8.970061
2018-02-01,TX,2.6291125
2018-02-01,UT,0.64420795
2018-02-01,VA,4.681599
2018-02-01,WA,3.0399635
2018-02-01,WI,2.0282774
2018-02-01,WV,6.8184114
2018-02-01,WY,0.73796856
2018-03-01,AK,1.6497315
2018-03-01,AL,3.3294678
2018-03-01,AR,4.018053
2018-03-01,AZ,0.56597847
2018-03-01,CA,3.0625434
2018-03-01,CO,0.7508769
2018-03-01,FL,0.9411826
2018-03-01,GA,3.3614202
2018-03-01,IA,2.179143
2018-03-01,ID,1.4967835
2018-03-01,IL,3.062139
2018-03-01,IN,3.0613675
2018-03-01,KS,0.9528683
2018-03-01,MD,2.52417
2018-03-01,ME,2.0703688
2018-03-01,MI,1.2059823
2018-03-01,MN,1.3076541
2018-03-01,MO,2.8856542
2018-03-01,MS,4.2821774
2018-03-01,MT,0.97918344
2018-03-01,NC,3.3360379
2018-03-01,ND,1.2581525
2018-03-01,NE,1.2048197
2018-03-01,NH,2.5413847
2018-03-01,NM,0.3943481
2018-03-01,NV,1.687485
2018-03-01,NY,2.7871642
2018-03-01,OH,3.1822278
2018-03-01,OK,1.5914464
2018-03-01,OR,3.0889614
2018-03-01,PA,2.8002462
2018-03-01,SC,2.8100204
2018-03-01,SD,1.5752325
2018-03-01,TN,3.6927083
2018-03-01,TX,1.7807997
2018-03-01,UT,1.1409703
2018-03-01,VA,1.9380708
2018-03-01,WA,2.3152764
2018-03-01,WI,1.0190812
2018-03-01,WV,2.9359286
2018-03-01,WY,0.8425894
2018-04-01,AK,1.1934053
2018-04-01,AL,4.557561
2018-04-01,AR,3.8807778
2018-04-01,AZ,0.17023252
2018-04-01,CA,1.5531527
2018-04-01,CO,1.2033945
2018-04-01,FL,2.726162
2018-04-01,GA,4.2177105
2018-04-01,IA,0.7721068
2018-04-01,ID,1.8524872
2018-04-01,IL,2.1715622
2018-04-01,IN,2.8262455
2018-04-01,KS,1.0363389
2018-04-01,MD,3.2370918
2018-04-01,ME,4.0934515
2018-04-01,MI,2.2323878
2018-04-01,MN,0.83895653
2018-04-01,MO,1.4832131
2018-04-01,MS,5.545778
2018-04-01,MT,1.3637643
2018-04-01,NC,3.744219
2018-04-01,ND,0.7364115
2018-04-01,NE,1.0319622
2018-04-01,NH,4.1046023
2018-04-01,NM,0.3213019
2018-04-01,NV,0.98122704
2018-04-01,NY,3.7915425
2018-04-01,OH,3.558074
2018-04-01,OK,1.7741647
2018-04-01,OR,2.3430052
2018-04-01,PA,3.0315995
2018-04-01,SC,3.5650365
2018-04-01,SD,1.236446
2018-04-01,TN,4.634165
2018-04-01,TX,1.2554721
2018-04-01,UT,0.7823559
2018-04-01,VA,3.440831
2018-04-01,WA,2.9100094
2018-04-01,WI,1.5693922
2018-04-01,WV,3.9888525
2018-04-01,WY,1.1579472
2018-05-01,AK,1.5512967
2018-05-01,AL,4.4788995
2018-05-01,AR,2.9727051
2018-05-01,AZ,0.12991159
2018-05-01,CA,0.5879649
2018-05-01,CO,1.272665
2018-05-01,FL,8.191826
2018-05-01,GA,5.6518764
2018-05-01,IA,3.9929166
2018-05-01,ID,1.72745
2018-05-01,IL,3.7261236
2018-05-01,IN,3.6829948
2018-05-01,KS,3.6693041
2018-05-01,MD,5.923464
2018-05-01,ME,1.8290126
2018-05-01,MI,2.8965847
2018-05-01,MN,2.445137
2018-05-01,MO,3.5621352
2018-05-01,MS,3.418896
2018-05-01,MT,2.171344
2018-05-01,NC,5.6421223
2018-05-01,ND,1.747468
2018-05-01,NE,3.8722887
2018-05-01,NH,1.1657653
2018-05-01,NM,0.6727581
2018-05-01,NV,1.1598437
2018-05-01,NY,2.4269795
2018-05-01,OH,3.784682
2018-05-01,OK,4.2653294
2018-05-01,OR,1.0909606
2018-05-01,PA,4.047373
2018-05-01,SC,5.4435453
2018-05-01,SD,3.063095
2018-05-01,TN,4.4128146
2018-05-01,TX,2.1419344
2018-05-01,UT,0.8323356
2018-05-01,VA,5.253661
2018-05-01,WA,0.98233336
2018-05-01,WI,4.523205
2018-05-01,WV,4.316385
2018-05-01,WY,2.0935435
2018-06-01,AK,1.847035
2018-06-01,AL,4.4804688
2018-06-01,AR,2.5883372
2018-06-01,AZ,0.13096076
2018-06-01,CA,0.12138025
2018-06-01,CO,0.6973155
2018-06-01,FL,5.746914
2018-06-01,GA,4.6829967
2018-06-01,IA,6.356428
2018-06-01,ID,1.2737885
2018-06-01,IL,5.6246448
2018-06-01,IN,4.388344
2018-06-01,KS,3.8514462
2018-06-01,MD,3.8712392
2018-06-01,ME,2.6256452
2018-06-01,MI,3.1497219
2018-06-01,MN,4.622907
2018-06-01,MO,3.191136
2018-06-01,MS,3.5537395
2018-06-01,MT,2.4092789
2018-06-01,NC,3.6625898
2018-06-01,ND,3.5410612
2018-06-01,NE,4.7158794
2018-06-01,NH,2.929691
2018-06-01,NM,0.6637146
2018-06-01,NV,0.22644201
2018-06-01,NY,2.8802838
2018-06-01,OH,3.9504125
2018-06-01,OK,4.2490516
2018-06-01,OR,0.96901894
2018-06-01,PA,3.3579538
2018-06-01,SC,3.614478
2018-06-01,SD,4.4843965
2018-06-01,TN,4.025333
2018-06-01,TX,2.424258
2018-06-01,UT,0.26927006
2018-06-01,VA,4.305261
2018-06-01,WA,1.1538159
2018-06-01,WI,4.86402
2018-06-01,WV,3.655859
2018-06-01,WY,1.2968227
2018-07-01,AK,1.8628618
2018-07-01,AL,4.2229195
2018-07-01,AR,2.7935634
2018-07-01,AZ,1.4079019
2018-07-01,CA,0.2135959
2018-07-01,CO,1.4274898
2018-07-01,FL,6.328705
2018-07-01,GA,5.8541
2018-07-01,IA,2.123052
2018-07-01,ID,0.2835341
2018-07-01,IL,2.7008724
2018-07-01,IN,2.861653
2018-07-01,KS,3.636584
2018-07-01,MD,6.465511
2018-07-01,ME,2.8991115
2018-07-01,MI,2.6256092
2018-07-01,MN,2.9412456
2018-07-01,MO,2.3361435
2018-07-01,MS,4.8032365
2018-07-01,MT,0.72556853
2018-07-01,NC,5.830092
2018-07-01,ND,1.9813975
2018-07-01,NE,2.7468114
2018-07-01,NH,3.4383917
2018-07-01,NM,1.9414486
2018-07-01,NV,0.50248706
2018-07-01,NY,4.241428
2018-07-01,OH,3.1477034
2018-07-01,OK,2.9244344
2018-07-01,OR,0.12693365
2018-07-01,PA,6.349618
2018-07-01,SC,4.958841
2018-07-01,SD,3.33113
2018-07-01,TN,3.0033913
2018-07-01,TX,1.9812744
2018-07-01,UT,0.55489707
2018-07-01,VA,4.4487953
2018-07-01,WA,0.25978065
2018-07-01,WI,2.6380384
2018-07-01,WV,4.286261
2018-07-01,WY,0.85229313
2018-08-01,AK,3.082043
2018-08-01,AL,4.3353605
2018-08-01,AR,4.3687596
2018-08-01,AZ,1.2864814
2018-08-01,CA,0.093304254
2018-08-01,CO,1.1907579
2018-08-01,FL,5.5407686
2018-08-01,GA,4.8690414
2018-08-01,IA,5.0392756
2018-08-01,ID,0.3779235
2018-08-01,IL,3.8114626
2018-08-01,IN,4.1538105
2018-08-01,KS,3.5301466
2018-08-01,MD,4.461271
2018-08-01,ME,3.2095256
2018-08-01,MI,3.6056814
2018-08-01,MN,2.5804334
2018-08-01,MO,4.2679462
2018-08-01,MS,4.098806
2018-08-01,MT,0.8416082
2018-08-01,NC,4.873286
2018-08-01,ND,1.1617733
2018-08-01,NE,2.3472157
2018-08-01,NH,4.3400326
2018-08-01,NM,1.5091219
2018-08-01,NV,0.114610754
2018-08-01,NY,4.5358706
2018-08-01,OH,3.6900816
2018-08-01,OK,3.7863398
2018-08-01,OR,0.21006505
2018-08-01,PA,5.68943
2018-08-01,SC,3.4895105
2018-08-01,SD,1.5131627
2018-08-01,TN,3.4372604
2018-08-01,TX,1.9762615
2018-08-01,UT,0.54671407
2018-08-01,VA,4.131545
2018-08-01,WA,0.29922268
2018-08-01,WI,5.2202296
2018-08-01,WV,3.5055118
2018-08-01,WY,0.7786689
2018-09-01,AK,1.6525413
2018-09-01,AL,5.1652966
2018-09-01,AR,3.8550038
2018-09-01,AZ,0.3353523
2018-09-01,CA,0.15398718
2018-09-01,CO,0.5682033
2018-09-01,FL,3.9329293
2018-09-01,GA,2.6172457
2018-09-01,IA,5.618007
2018-09-01,ID,0.39124134
2018-09-01,IL,4.5290756
2018-09-01,IN,4.860913
2018-09-01,KS,2.9969637
2018-09-01,MD,5.639473
2018-09-01,ME,2.124779
2018-09-01,MI,3.6730974
2018-09-01,MN,3.9701145
2018-09-01,MO,2.8638983
2018-09-01,MS,5.530407
2018-09-01,MT,1.063777
2018-09-01,NC,6.093947
2018-09-01,ND,1.7967753
2018-09-01,NE,2.279936
2018-09-01,NH,3.672619
2018-09-01,NM,1.2191446
2018-09-01,NV,0.1279658
2018-09-01,NY,4.735095
2018-09-01,OH,5.15452
2018-09-01,OK,3.8357153
2018-09-01,OR,0.4426979
2018-09-01,PA,6.055773
2018-09-01,SC,4.153039
2018-09-01,SD,1.5731155
2018-09-01,TN,5.66797
2018-09-01,TX,5.477075
2018-09-01,UT,0.09769603
2018-09-01,VA,6.2655587
2018-09-01,WA,1.2221272
2018-09-01,WI,4.932615
2018-09-01,WV,6.7409396
2018-09-01,WY,0.26091155
2018-10-01,AK,2.5447924
2018-10-01,AL,2.4986792
2018-10-01,AR,4.608411
2018-10-01,AZ,1.9029471
2018-10-01,CA,0.55958325
2018-10-01,CO,1.8025079
2018-10-01,FL,1.6449916
2018-10-01,GA,3.0742154
2018-10-01,IA,4.74157
2018-10-01,ID,1.3287566
2018-10-01,IL,3.0669124
2018-10-01,IN,2.943669
2018-10-01,KS,4.594461
2018-10-01,MD,3.3295307
2018-10-01,ME,3.3428626
2018-10-01,MI,4.8040485
2018-10-01,MN,2.3925834
2018-10-01,MO,4.7075343
2018-10-01,MS,2.2375863
2018-10-01,MT,0.8773712
2018-10-01,NC,3.2391815
2018-10-01,ND,1.1662744
2018-10-01,NE,2.000205
2018-10-01,NH,3.6309628
2018-10-01,NM,2.1584737
2018-10-01,NV,0.5371699
2018-10-01,NY,3.2614808
2018-10-01,OH,3.011913
2018-10-01,OK,5.7907424
2018-10-01,OR,1.3091654
2018-10-01,PA,3.6887035
2018-10-01,SC,3.4590185
2018-10-01,SD,1.1640558
2018-10-01,TN,2.8734133
2018-10-01,TX,5.925578
2018-10-01,UT,1.4671148
2018-10-01,VA,3.3792129
2018-10-01,WA,2.4899888
2018-10-01,WI,3.9051154
2018-10-01,WV,3.2088866
2018-10-01,WY,1.1400301
2018-11-01,AK,1.9564751
2018-11-01,AL,5.674696
2018-11-01,AR,3.3556209
2018-11-01,AZ,0.26514524
2018-11-01,CA,2.398903
2018-11-01,CO,0.6403449
2018-11-01,FL,1.4511652
2018-11-01,GA,5.4642286
2018-11-01,IA,1.9361079
2018-11-01,ID,1.9313084
2018-11-01,IL,2.5532885
2018-11-01,IN,3.3110752
2018-11-01,KS,0.9263625
2018-11-01,MD,6.2284184
2018-11-01,ME,4.6708207
2018-11-01,MI,2.459921
2018-11-01,MN,0.84366673
2018-11-01,MO,1.81385
2018-11-01,MS,5.840876
2018-11-01,MT,1.1249931
2018-11-01,NC,5.18552
2018-11-01,ND,0.8685468
2018-11-01,NE,0.88838625
2018-11-01,NH,6.6932144
2018-11-01,NM,0.2390213
2018-11-01,NV,1.0693407
2018-11-01,NY,6.2469044
2018-11-01,OH,4.0218782
2018-11-01,OK,0.97895235
2018-11-01,OR,3.2022693
2018-11-01,PA,5.3273387
2018-11-01,SC,4.791549
2018-11-01,SD,0.7856005
2018-11-01,TN,4.672734
2018-11-01,TX,1.1878685
2018-11-01,UT,0.7683981
2018-11-01,VA,4.199444
2018-11-01,WA,3.6890512
2018-11-01,WI,1.8356417
2018-11-01,WV,3.6064553
2018-11-01,WY,0.6736009
2018-12-01,AK,2.518427
2018-12-01,AL,8.630643
2018-12-01,AR,5.6784825
2018-12-01,AZ,0.46485344
2018-12-01,CA,2.2615929
2018-12-01,CO,0.5404949
2018-12-01,FL,3.7951725
2018-12-01,GA,8.705963
2018-12-01,IA,2.8085904
2018-12-01,ID,1.5406663
2018-12-01,IL,3.8299055
2018-12-01,IN,3.9382944
2018-12-01,KS,1.7624546
2018-12-01,MD,4.3835454
2018-12-01,ME,3.3063712
2018-12-01,MI,2.22031
2018-12-01,MN,1.0391881
2018-12-01,MO,3.27631
2018-12-01,MS,7.293386
2018-12-01,MT,0.715436
2018-12-01,NC,4.856875
2018-12-01,ND,0.57531506
2018-12-01,NE,1.826178
2018-12-01,NH,3.7794418
2018-12-01,NM,0.54101044
2018-12-01,NV,1.2601416
2018-12-01,NY,4.5637145
2018-12-01,OH,3.6814709
2018-12-01,OK,2.7789245
2018-12-01,OR,4.0570846
2018-12-01,PA,4.2231994
2018-12-01,SC,6.516118
2018-12-01,SD,1.0077448
2018-12-01,TN,5.5584064
2018-12-01,TX,3.0958495
2018-12-01,UT,0.5367715
2018-12-01,VA,3.5887787
2018-12-01,WA,4.023184
2018-12-01,WI,1.9690472
2018-12-01,WV,4.2794433
2018-12-01,WY,0.3169018
2019-01-01,AK,1.5615561
2019-01-01,AL,4.851369
2019-01-01,AR,3.5476398
2019-01-01,AZ,1.0102384
2019-01-01,CA,3.641148
2019-01-01,CO,0.9271922
2019-01-01,FL,3.437437
2019-01-01,GA,4.64021
2019-01-01,IA,1.7637911
2019-01-01,ID,1.6273235
2019-01-01,IL,2.7161288
2019-01-01,IN,2.5488052
2019-01-01,KS,0.9669917
2019-01-01,MD,2.9594061
2019-01-01,ME,4.2512007
2019-01-01,MI,2.0394104
2019-01-01,MN,0.46329707
2019-01-01,MO,2.2005076
2019-01-01,MS,4.8057146
2019-01-01,MT,0.7592615
2019-01-01,NC,3.2634637
2019-01-01,ND,0.4714018
2019-01-01,NE,0.31339023
2019-01-01,NH,4.7689977
2019-01-01,NM,0.5609207
2019-01-01,NV,1.545065
2019-01-01,NY,4.602003
2019-01-01,OH,2.7062557
2019-01-01,OK,1.7299771
2019-01-01,OR,3.7475426
2019-01-01,PA,3.6946368
2019-01-01,SC,3.749573
2019-01-01,SD,0.3848375
2019-01-01,TN,4.160882
2019-01-01,TX,1.5000504
2019-01-01,UT,1.1727157
2019-01-01,VA,2.229569
2019-01-01,WA,2.8805547
2019-01-01,WI,1.5393182
2019-01-01,WV,2.6447299
2019-01-01,WY,0.4676787
2019-02-01,AK,1.8325638
2019-02-01,AL,4.976079
2019-02-01,AR,5.8525467
2019-02-01,AZ,1.7511641
2019-02-01,CA,5.306829
2019-02-01,CO,1.2618314
2019-02-01,FL,2.0263743
2019-02-01,GA,3.4172251
2019-02-01,IA,2.9711967
2019-02-01,ID,2.4228108
2019-02-01,IL,4.1255198
2019-02-01,IN,4.5039353
2019-02-01,KS,1.0276674
2019-02-01,MD,4.027748
2019-02-01,ME,3.0907686
2019-02-01,MI,4.416666
2019-02-01,MN,1.2480985
2019-02-01,MO,2.7607532
2019-02-01,MS,6.122736
2019-02-01,MT,1.4021717
2019-02-01,NC,4.828457
2019-02-01,ND,1.0010464
2019-02-01,NE,0.89084727
2019-02-01,NH,3.219754
2019-02-01,NM,0.7875623
2019-02-01,NV,2.6335595
2019-02-01,NY,3.4064374
2019-02-01,OH,4.9309807
2019-02-01,OK,1.3312907
2019-02-01,OR,5.971058
2019-02-01,PA,3.7387087
2019-02-01,SC,2.469199
2019-02-01,SD,0.93470335
2019-02-01,TN,9.402716
2019-02-01,TX,1.0815709
2019-02-01,UT,1.6122705
2019-02-01,VA,3.4397547
2019-02-01,WA,3.1031055
2019-02-01,WI,3.1685517
2019-02-01,WV,5.545535
2019-02-01,WY,0.65165436
2019-03-01,AK,1.546151
2019-03-01,AL,2.6936822
2019-03-01,AR,3.2293348
2019-03-01,AZ,0.9439881
2019-03-01,CA,2.8026311
2019-03-01,CO,1.9847264
2019-03-01,FL,1.4120337
2019-03-01,GA,2.7009275
2019-03-01,IA,2.461897
2019-03-01,ID,0.8867215
2019-03-01,IL,3.5731783
2019-03-01,IN,3.328483
2019-03-01,KS,1.656819
2019-03-01,MD,3.452941
2019-03-01,ME,2.133275
2019-03-01,MI,1.9516925
2019-03-01,MN,1.7387769
2019-03-01,MO,3.5820217
2019-03-01,MS,2.41056
2019-03-01,MT,0.42394596
2019-03-01,NC,2.599241
2019-03-01,ND,0.5672986
2019-03-01,NE,2.283036
2019-03-01,NH,1.7285714
2019-03-01,NM,1.0961145
2019-03-01,NV,1.8019818
2019-03-01,NY,2.3170223
2019-03-01,OH,3.0580423
2019-03-01,OK,2.223432
2019-03-01,OR,2.2485383
2019-03-01,PA,2.635677
2019-03-01,SC,2.2781448
2019-03-01,SD,1.6840636
2019-03-01,TN,3.1468678
2019-03-01,TX,0.98777163
2019-03-01,UT,1.982297
2019-03-01,VA,2.3662212
2019-03-01,WA,1.4240168
2019-03-01,WI,1.4233896
2019-03-01,WV,2.100861
2019-03-01,WY,1.110547
2019-04-01,AK,0.9883955
2019-04-01,AL,5.3056107
2019-04-01,AR,6.2102914
2019-04-01,AZ,0.36199003
2019-04-01,CA,1.1161973
2019-04-01,CO,1.2502345
2019-04-01,FL,2.161259
2019-04-01,GA,4.084829
2019-04-01,IA,2.9800072
2019-04-01,ID,2.071208
2019-04-01,IL,4.2613993
2019-04-01,IN,4.522375
2019-04-01,KS,1.8636621
2019-04-01,MD,2.9827867
2019-04-01,ME,4.321558
2019-04-01,MI,3.639411
2019-04-01,MN,2.2015104
2019-04-01,MO,4.2803574
2019-04-01,MS,7.163217
2019-04-01,MT,1.55948
2019-04-01,NC,4.1887918
2019-04-01,ND,1.305257
2019-04-01,NE,1.3437278
2019-04-01,NH,4.181367
2019-04-01,NM,0.74589825
2019-04-01,NV,1.1064445
2019-04-01,NY,4.478557
2019-04-01,OH,3.7916422
2019-04-01,OK,4.0046206
2019-04-01,OR,3.5468514
2019-04-01,PA,3.3435636
2019-04-01,SC,3.2523654
2019-04-01,SD,1.8246193
2019-04-01,TN,4.678634
2019-04-01,TX,3.3213766
2019-04-01,UT,1.670872
2019-04-01,VA,3.1831925
2019-04-01,WA,2.2608166
2019-04-01,WI,3.2285087
2019-04-01,WV,3.0927377
2019-04-01,WY,1.5817391
2019-05-01,AK,1.3612709
2019-05-01,AL,2.918678
2019-05-01,AR,7.104738
2019-05-01,AZ,0.80868167
2019-05-01,CA,1.5957631
2019-05-01,CO,1.9112374
2019-05-01,FL,3.1868224
2019-05-01,GA,1.9265449
2019-05-01,IA,7.9450874
2019-05-01,ID,1.9571317
2019-05-01,IL,5.476819
2019-05-01,IN,4.5323696
2019-05-01,KS,7.6764126
2019-05-01,MD,4.4003587
2019-05-01,ME,2.8871567
2019-05-01,MI,3.885701
2019-05-01,MN,3.5619187
2019-05-01,MO,6.8647013
2019-05-01,MS,5.0702944
2019-05-01,MT,2.0177798
2019-05-01,NC,2.6669695
2019-05-01,ND,2.2508826
2019-05-01,NE,4.8814163
2019-05-01,NH,3.2960224
2019-05-01,NM,1.091277
2019-05-01,NV,1.8985004
2019-05-01,NY,4.397853
2019-05-01,OH,3.7852523
2019-05-01,OK,9.543589
2019-05-01,OR,1.7529979
2019-05-01,PA,4.9432454
2019-05-01,SC,1.9331275
2019-05-01,SD,4.8941827
2019-05-01,TN,3.6149569
2019-05-01,TX,5.087295
2019-05-01,UT,2.0854833
2019-05-01,VA,4.501487
2019-05-01,WA,1.551345
2019-05-01,WI,4.3890767
2019-05-01,WV,4.615312
2019-05-01,WY,2.875469
2019-06-01,AK,1.1345452
2019-06-01,AL,4.5305834
2019-06-01,AR,5.4168673
2019-06-01,AZ,0.076333314
2019-06-01,CA,0.09707336
2019-06-01,CO,1.2783246
2019-06-01,FL,6.959115
2019-06-01,GA,5.490341
2019-06-01,IA,4.861341
2019-06-01,ID,0.97853804
2019-06-01,IL,4.37978
2019-06-01,IN,5.1565332
2019-06-01,KS,3.5788832
2019-06-01,MD,4.086576
2019-06-01,ME,3.6437068
2019-06-01,MI,3.0097764
2019-06-01,MN,2.7015214
2019-06-01,MO,5.056522
2019-06-01,MS,3.916888
2019-06-01,MT,1.9547476
2019-06-01,NC,4.662355
2019-06-01,ND,2.4135604
2019-06-01,NE,2.9614682
2019-06-01,NH,4.118242
2019-06-01,NM,0.81071645
2019-06-01,NV,0.30179393
2019-06-01,NY,3.975556
2019-06-01,OH,5.181968
2019-06-01,OK,4.543841
2019-06-01,OR,0.8079459
2019-06-01,PA,4.607095
2019-06-01,SC,5.4548197
2019-06-01,SD,2.1602554
2019-06-01,TN,5.1634107
2019-06-01,TX,3.749228
2019-06-01,UT,0.3724326
2019-06-01,VA,3.1971078
2019-06-01,WA,1.0630654
2019-06-01,WI,4.159136
2019-06-01,WV,3.585185
2019-06-01,WY,1.1370311
2019-07-01,AK,1.7157089
2019-07-01,AL,3.8082614
2019-07-01,AR,3.3316708
2019-07-01,AZ,0.5329937
2019-07-01,CA,0.07829893
2019-07-01,CO,1.1902266
2019-07-01,FL,6.7521753
2019-07-01,GA,4.056047
2019-07-01,IA,2.619292
2019-07-01,ID,0.7500596
2019-07-01,IL,2.880889
2019-07-01,IN,2.942752
2019-07-01,KS,2.4151099
2019-07-01,MD,3.825303
2019-07-01,ME,2.3337536
2019-07-01,MI,2.341348
2019-07-01,MN,3.9227612
2019-07-01,MO,3.3534894
2019-07-01,MS,4.9751296
2019-07-01,MT,1.5329025
2019-07-01,NC,3.9651902
2019-07-01,ND,2.852948
2019-07-01,NE,3.0513914
2019-07-01,NH,2.5942938
2019-07-01,NM,1.2265087
2019-07-01,NV,0.18879807
2019-07-01,NY,3.357045
2019-07-01,OH,3.7610114
2019-07-01,OK,1.8689469
2019-07-01,OR,0.30342627
2019-07-01,PA,3.994193
2019-07-01,SC,3.3591225
2019-07-01,SD,3.9890692
2019-07-01,TN,4.5877647
2019-07-01,TX,1.1211381
2019-07-01,UT,0.4977219
2019-07-01,VA,3.471613
2019-07-01,WA,0.6873208
2019-07-01,WI,4.0851607
2019-07-01,WV,3.3815615
2019-07-01,WY,0.89533585
2019-08-01,AK,2.0976727
2019-08-01,AL,4.0170426
2019-08-01,AR,3.7763355
2019-08-01,AZ,0.36094436
2019-08-01,CA,0.17341027
2019-08-01,CO,0.8726983
2019-08-01,FL,7.0993943
2019-08-01,GA,4.596455
2019-08-01,IA,3.8602562
2019-08-01,ID,0.5285871
2019-08-01,IL,3.071722
2019-08-01,IN,2.6361237
2019-08-01,KS,5.842077
2019-08-01,MD,3.0199764
2019-08-01,ME,3.2164674
2019-08-01,MI,1.9086494
2019-08-01,MN,2.6079464
2019-08-01,MO,5.286674
2019-08-01,MS,4.4378653
2019-08-01,MT,1.4155352
2019-08-01,NC,4.1900387
2019-08-01,ND,2.379983
2019-08-01,NE,3.9979196
2019-08-01,NH,2.9517484
2019-08-01,NM,1.07064
2019-08-01,NV,0.19932352
2019-08-01,NY,3.0784264
2019-08-01,OH,2.804011
2019-08-01,OK,4.843827
2019-08-01,OR,0.6292501
2019-08-01,PA,2.937741
2019-08-01,SC,3.9071822
2019-08-01,SD,3.0708416
2019-08-01,TN,3.0205276
2019-08-01,TX,1.7414979
2019-08-01,UT,0.35982755
2019-08-01,VA,2.7721074
2019-08-01,WA,0.67738736
2019-08-01,WI,3.0642488
2019-08-01,WV,2.9334438
2019-08-01,WY,0.6689248
2019-09-01,AK,2.9020336
2019-09-01,AL,0.4057242
2019-09-01,AR,1.8061444
2019-09-01,AZ,0.6571113
2019-09-01,CA,0.5195106
2019-09-01,CO,0.54991525
2019-09-01,FL,2.1940684
2019-09-01,GA,0.5683851
2019-09-01,IA,6.7485094
2019-09-01,ID,1.581471
2019-09-01,IL,4.1562066
2019-09-01,IN,2.221568
2019-09-01,KS,2.0835314
2019-09-01,MD,0.83282757
2019-09-01,ME,3.3189049
2019-09-01,MI,4.995752
2019-09-01,MN,5.0900793
2019-09-01,MO,4.7208347
2019-09-01,MS,0.7260294
2019-09-01,MT,2.571886
2019-09-01,NC,1.7367896
2019-09-01,ND,4.9413495
2019-09-01,NE,2.18927
2019-09-01,NH,1.931532
2019-09-01,NM,0.93318564
2019-09-01,NV,0.68984854
2019-09-01,NY,2.0832715
2019-09-01,OH,1.8293937
2019-09-01,OK,3.5740404
2019-09-01,OR,1.8916475
2019-09-01,PA,1.6067474
2019-09-01,SC,1.243103
2019-09-01,SD,2.9176877
2019-09-01,TN,0.59116894
2019-09-01,TX,2.3226602
2019-09-01,UT,1.0079112
2019-09-01,VA,0.8145012
2019-09-01,WA,2.1771617
2019-09-01,WI,6.96549
2019-09-01,WV,0.63130486
2019-09-01,WY,1.2831548
2019-10-01,AK,2.7817252
2019-10-01,AL,5.2608933
2019-10-01,AR,5.893582
2019-10-01,AZ,0.07539885
2019-10-01,CA,0.37376252
2019-10-01,CO,0.7143309
2019-10-01,FL,3.7609255
2019-10-01,GA,3.9863722
2019-10-01,IA,3.4248793
2019-10-01,ID,1.0152355
2019-10-01,IL,3.90456
2019-10-01,IN,3.8032675
2019-10-01,KS,1.4890743
2019-10-01,MD,4.5502963
2019-10-01,ME,3.8687692
2019-10-01,MI,3.8405247
2019-10-01,MN,3.090818
2019-10-01,MO,4.1594615
2019-10-01,MS,7.07799
2019-10-01,MT,0.7921701
2019-10-01,NC,4.361507
2019-10-01,ND,1.5444025
2019-10-01,NE,1.4300025
2019-10-01,NH,4.8983116
2019-10-01,NM,0.71567184
2019-10-01,NV,0.14142379
2019-10-01,NY,5.8341727
2019-10-01,OH,3.6761808
2019-10-01,OK,3.053332
2019-10-01,OR,1.3353482
2019-10-01,PA,4.7191358
2019-10-01,SC,3.4600446
2019-10-01,SD,1.1842257
2019-10-01,TN,4.762983
2019-10-01,TX,2.2739384
2019-10-01,UT,0.22741427
2019-10-01,VA,4.1177583
2019-10-01,WA,2.2154129
2019-10-01,WI,4.1685696
2019-10-01,WV,4.7976875
2019-10-01,WY,0.6216185
2019-11-01,AK,2.7940698
2019-11-01,AL,2.2889645
2019-11-01,AR,3.8432264
2019-11-01,AZ,1.910605
2019-11-01,CA,1.611019
2019-11-01,CO,1.0441414
2019-11-01,FL,1.5950058
2019-11-01,GA,2.0558057
2019-11-01,IA,1.5431366
2019-11-01,ID,0.86930245
2019-11-01,IL,2.470346
2019-11-01,IN,2.9205134
2019-11-01,KS,0.76346713
2019-11-01,MD,1.2650712
2019-11-01,ME,3.530299
2019-11-01,MI,2.73135
2019-11-01,MN,1.1432722
2019-11-01,MO,2.167562
2019-11-01,MS,2.30889
2019-11-01,MT,1.0435861
2019-11-01,NC,2.5191503
2019-11-01,ND,0.69890815
2019-11-01,NE,0.8858824
2019-11-01,NH,2.8316905
2019-11-01,NM,1.5307838
2019-11-01,NV,0.61905223
2019-11-01,NY,2.7863421
2019-11-01,OH,2.017217
2019-11-01,OK,1.9850394
2019-11-01,OR,1.8375434
2019-11-01,PA,1.5868216
2019-11-01,SC,2.5214868
2019-11-01,SD,1.0310913
2019-11-01,TN,4.3692155
2019-11-01,TX,1.2578015
2019-11-01,UT,1.1406599
2019-11-01,VA,1.0718876
2019-11-01,WA,1.8888146
2019-11-01,WI,2.3901958
2019-11-01,WV,2.0337937
2019-11-01,WY,1.0380367
2019-12-01,AK,1.9400787
2019-12-01,AL,5.0903864
2019-12-01,AR,2.025915
2019-12-01,AZ,1.316807
2019-12-01,CA,3.6933358
2019-12-01,CO,0.828034
2019-12-01,FL,3.7334528
2019-12-01,GA,4.9690266
2019-12-01,IA,1.3945913
2019-12-01,ID,1.6439701
2019-12-01,IL,1.8077126
2019-12-01,IN,2.6017876
2019-12-01,KS,1.2579634
2019-12-01,MD,2.8588545
2019-12-01,ME,3.0813465
2019-12-01,MI,3.5614898
2019-12-01,MN,1.1106373
2019-12-01,MO,1.5716107
2019-12-01,MS,3.7068403
2019-12-01,MT,0.54399383
2019-12-01,NC,3.288432
2019-12-01,ND,0.48835376
2019-12-01,NE,1.0305935
2019-12-01,NH,4.610071
2019-12-01,NM,0.7361441
2019-12-01,NV,1.5899832
2019-12-01,NY,4.2207584
2019-12-01,OH,3.1315289
2019-12-01,OK,1.0963293
2019-12-01,OR,3.9328623
2019-12-01,PA,3.1988964
2019-12-01,SC,6.406753
2019-12-01,SD,0.70583606
2019-12-01,TN,4.3650403
2019-12-01,TX,0.8420737
2019-12-01,UT,1.0672511
2019-12-01,VA,2.4504714
2019-12-01,WA,3.7314773
2019-12-01,WI,2.1862888
2019-12-01,WV,3.2980218
2019-12-01,WY,0.5763594
2020-01-01,AK,1.0050377
2020-01-01,AL,5.960187
2020-01-01,AR,4.8774157
2020-01-01,AZ,0.5188717
2020-01-01,CA,2.2087579
2020-01-01,CO,0.78359836
2020-01-01,FL,0.8743264
2020-01-01,GA,4.1282864
2020-01-01,IA,2.7165449
2020-01-01,ID,2.4680827
2020-01-01,IL,3.8173075
2020-01-01,IN,4.06708
2020-01-01,KS,1.3976794
2020-01-01,MD,3.1540937
2020-01-01,ME,2.9046292
2020-01-01,MI,3.0734246
2020-01-01,MN,1.2066739
2020-01-01,MO,3.2725997
2020-01-01,MS,7.012653
2020-01-01,MT,0.65340966
2020-01-01,NC,3.605568
2020-01-01,ND,0.41018406
2020-01-01,NE,0.9972275
2020-01-01,NH,2.7183902
2020-01-01,NM,0.6415556
2020-01-01,NV,1.5805076
2020-01-01,NY,2.800746
2020-01-01,OH,3.6484642
2020-01-01,OK,2.3582652
2020-01-01,OR,4.5588164
2020-01-01,PA,3.845878
2020-01-01,SC,3.7921817
2020-01-01,SD,0.59842205
2020-01-01,TN,5.0879345
2020-01-01,TX,2.2271101
2020-01-01,UT,0.952989
2020-01-01,VA,2.4232826
2020-01-01,WA,5.06539
2020-01-01,WI,1.9423714
2020-01-01,WV,3.126291
2020-01-01,WY,0.5368919
2020-02-01,AK,1.5441273
2020-02-01,AL,9.029469
2020-02-01,AR,4.2758994
2020-02-01,AZ,0.88459265
2020-02-01,CA,1.0712879
2020-02-01,CO,0.9956822
2020-02-01,FL,2.1942892
2020-02-01,GA,7.6158476
2020-02-01,IA,1.1680273
2020-02-01,ID,1.5162189
2020-02-01,IL,2.1164136
2020-02-01,IN,2.6753597
2020-02-01,KS,0.9216532
2020-02-01,MD,3.628949
2020-02-01,ME,2.4655962
2020-02-01,MI,1.4497561
2020-02-01,MN,0.45198807
2020-02-01,MO,1.8335603
2020-02-01,MS,6.7365003
2020-02-01,MT,0.7367705
2020-02-01,NC,5.729286
2020-02-01,ND,0.22630125
2020-02-01,NE,0.4540239
2020-02-01,NH,3.0399659
2020-02-01,NM,0.7578144
2020-02-01,NV,0.7807199
2020-02-01,NY,3.406973
2020-02-01,OH,3.0288506
2020-02-01,OK,1.2994938
2020-02-01,OR,2.1158779
2020-02-01,PA,3.5545025
2020-02-01,SC,6.7368507
2020-02-01,SD,0.75472337
2020-02-01,TN,7.2119164
2020-02-01,TX,1.8025861
2020-02-01,UT,0.72820926
2020-02-01,VA,3.169851
2020-02-01,WA,2.5978107
2020-02-01,WI,0.97256255
2020-02-01,WV,4.027792
2020-02-01,WY,0.9462253
2020-03-01,AK,1.3109844
2020-03-01,AL,5.1039777
2020-03-01,AR,5.938922
2020-03-01,AZ,1.3880095
2020-03-01,CA,2.4305413
2020-03-01,CO,1.2020818
2020-03-01,FL,0.23673376
2020-03-01,GA,4.5853643
2020-03-01,IA,3.042107
2020-03-01,ID,1.4315016
2020-03-01,IL,3.359834
2020-03-01,IN,3.697966
2020-03-01,KS,1.3677034
2020-03-01,MD,2.8312001
2020-03-01,ME,2.879228
2020-03-01,MI,3.5609462
2020-03-01,MN,1.5735103
2020-03-01,MO,3.9103966
2020-03-01,MS,4.19644
2020-03-01,MT,0.6523957
2020-03-01,NC,3.7513688
2020-03-01,ND,0.33077177
2020-03-01,NE,1.6146823
2020-03-01,NH,2.4434843
2020-03-01,NM,1.1971987
2020-03-01,NV,1.312016
2020-03-01,NY,3.4777389
2020-03-01,OH,4.5401397
2020-03-01,OK,3.8262603
2020-03-01,OR,2.5087938
2020-03-01,PA,3.4798338
2020-03-01,SC,4.337348
2020-03-01,SD,1.0218323
2020-03-01,TN,6.3137
2020-03-01,TX,3.3703241
2020-03-01,UT,1.2389175
2020-03-01,VA,2.2462783
2020-03-01,WA,1.9851003
2020-03-01,WI,3.1856651
2020-03-01,WV,3.74451
2020-03-01,WY,0.8060427
2020-04-01,AK,1.3553576
2020-04-01,AL,5.031898
2020-04-01,AR,5.693902
2020-04-01,AZ,0.50369054
2020-04-01,CA,1.5578195
2020-04-01,CO,0.7352951
2020-04-01,FL,3.623175
2020-04-01,GA,5.627452
2020-04-01,IA,1.9159058
2020-04-01,ID,0.9699701
2020-04-01,IL,2.7188106
2020-04-01,IN,2.3469515
2020-04-01,KS,1.4471202
2020-04-01,MD,4.479659
2020-04-01,ME,3.096484
2020-04-01,MI,2.8379023
2020-04-01,MN,1.2104428
2020-04-01,MO,4.039895
2020-04-01,MS,5.423243
2020-04-01,MT,0.6684082
2020-04-01,NC,4.575176
2020-04-01,ND,0.66175395
2020-04-01,NE,0.7001686
2020-04-01,NH,3.5138662
2020-04-01,NM,0.42976126
2020-04-01,NV,0.9401779
2020-04-01,NY,3.2998748
2020-04-01,OH,3.0059614
2020-04-01,OK,2.3489962
2020-04-01,OR,1.3376193
2020-04-01,PA,3.568135
2020-04-01,SC,4.9678063
2020-04-01,SD,0.76323223
2020-04-01,TN,4.3274007
2020-04-01,TX,1.9469078
2020-04-01,UT,0.6350069
2020-04-01,VA,3.9075713
2020-04-01,WA,1.0963624
2020-04-01,WI,1.7850599
2020-04-01,WV,4.5603356
2020-04-01,WY,0.8957066
2020-05-01,AK,0.82275367
2020-05-01,AL,3.2171657
2020-05-01,AR,5.487134
2020-05-01,AZ,0.111380026
2020-05-01,CA,1.007625
2020-05-01,CO,1.1292568
2020-05-01,FL,5.4793253
2020-05-01,GA,3.1458158
2020-05-01,IA,4.618442
2020-05-01,ID,1.9565111
2020-05-01,IL,4.226278
2020-05-01,IN,4.169447
2020-05-01,KS,2.7304404
2020-05-01,MD,2.0697577
2020-05-01,ME,2.1025457
2020-05-01,MI,3.2886908
2020-05-01,MN,1.9268541
2020-05-01,MO,4.7785664
2020-05-01,MS,4.010759
2020-05-01,MT,2.0283015
2020-05-01,NC,5.2832355
2020-05-01,ND,1.3381228
2020-05-01,NE,3.009283
2020-05-01,NH,2.5996084
2020-05-01,NM,0.44560564
2020-05-01,NV,1.1564223
2020-05-01,NY,2.2583616
2020-05-01,OH,4.07587
2020-05-01,OK,3.9218137
2020-05-01,OR,1.9561478
2020-05-01,PA,2.364563
2020-05-01,SC,5.433067
2020-05-01,SD,2.0480072
2020-05-01,TN,3.9209106
2020-05-01,TX,3.3424585
2020-05-01,UT,0.3801728
2020-05-01,VA,2.4883103
2020-05-01,WA,2.7386148
2020-05-01,WI,3.5624034
2020-05-01,WV,5.0266504
2020-05-01,WY,0.75556767
2020-06-01,AK,1.7433202
2020-06-01,AL,4.7935743
2020-06-01,AR,3.672485
2020-06-01,AZ,0.09691071
2020-06-01,CA,0.24131347
2020-06-01,CO,0.9362223
2020-06-01,FL,5.634076
2020-06-01,GA,3.5900025
2020-06-01,IA,4.9844227
2020-06-01,ID,2.2389264
2020-06-01,IL,3.5292635
2020-06-01,IN,3.7594242
2020-06-01,KS,3.0256484
2020-06-01,MD,3.646443
2020-06-01,ME,1.3660597
2020-06-01,MI,3.0885608
2020-06-01,MN,3.8610625
2020-06-01,MO,3.5423613
2020-06-01,MS,5.3295655
2020-06-01,MT,2.9401567
2020-06-01,NC,4.093099
2020-06-01,ND,2.8898122
2020-06-01,NE,2.5098877
2020-06-01,NH,2.6604385
2020-06-01,NM,0.68390673
2020-06-01,NV,0.88988775
2020-06-01,NY,2.3046265
2020-06-01,OH,3.0529325
2020-06-01,OK,2.6054559
2020-06-01,OR,1.1028767
2020-06-01,PA,2.80892
2020-06-01,SC,3.7688012
2020-06-01,SD,3.17617
2020-06-01,TN,3.515558
2020-06-01,TX,2.3190804
2020-06-01,UT,0.949311
2020-06-01,VA,3.6850138
2020-06-01,WA,1.6941329
2020-06-01,WI,5.083277
2020-06-01,WV,3.591395
2020-06-01,WY,1.086767
2020-07-01,AK,1.8783541
2020-07-01,AL,5.4797792
2020-07-01,AR,3.508708
2020-07-01,AZ,0.31482482
2020-07-01,CA,0.0924272
2020-07-01,CO,1.1691765
2020-07-01,FL,5.8965435
2020-07-01,GA,3.7723703
2020-07-01,IA,3.6703942
2020-07-01,ID,0.36476663
2020-07-01,IL,4.3852654
2020-07-01,IN,3.8282857
2020-07-01,KS,5.9131546
2020-07-01,MD,4.4790063
2020-07-01,ME,3.0236597
2020-07-01,MI,3.4107797
2020-07-01,MN,3.341777
2020-07-01,MO,4.702255
2020-07-01,MS,5.4962163
2020-07-01,MT,0.94077563
2020-07-01,NC,3.5726006
2020-07-01,ND,2.2477138
2020-07-01,NE,3.381961
2020-07-01,NH,3.4336364
2020-07-01,NM,1.7801148
2020-07-01,NV,0.21030736
2020-07-01,NY,4.117896
2020-07-01,OH,3.2278318
2020-07-01,OK,4.8738413
2020-07-01,OR,0.19289255
2020-07-01,PA,3.866783
2020-07-01,SC,4.192821
2020-07-01,SD,3.0310347
2020-07-01,TN,4.162962
2020-07-01,TX,2.3279016
2020-07-01,UT,0.27599362
2020-07-01,VA,3.811663
2020-07-01,WA,0.38338307
2020-07-01,WI,4.1543574
2020-07-01,WV,2.9576883
2020-07-01,WY,0.3994056
2020-08-01,AK,2.096373
2020-08-01,AL,5.480678
2020-08-01,AR,3.8253393
2020-08-01,AZ,0.547068
2020-08-01,CA,0.13927457
2020-08-01,CO,0.5837541
2020-08-01,FL,6.135552
2020-08-01,GA,5.88278
2020-08-01,IA,0.89450556
2020-08-01,ID,0.38832003
2020-08-01,IL,1.8096306
2020-08-01,IN,3.050838
2020-08-01,KS,1.8406705
2020-08-01,MD,8.441603
2020-08-01,ME,2.9002063
2020-08-01,MI,2.859745
2020-08-01,MN,2.881589
2020-08-01,MO,2.0871644
2020-08-01,MS,5.0783486
2020-08-01,MT,0.4178526
2020-08-01,NC,6.859539
2020-08-01,ND,1.1913277
2020-08-01,NE,1.110834
2020-08-01,NH,2.0310273
2020-08-01,NM,0.76965857
2020-08-01,NV,0.1976622
2020-08-01,NY,4.878585
2020-08-01,OH,3.6461906
2020-08-01,OK,2.2220442
2020-08-01,OR,0.24044354
2020-08-01,PA,4.0866604
2020-08-01,SC,5.5885706
2020-08-01,SD,1.274766
2020-08-01,TN,4.072703
2020-08-01,TX,1.4694039
2020-08-01,UT,0.24176365
2020-08-01,VA,5.992398
2020-08-01,WA,0.45358157
2020-08-01,WI,3.2652626
2020-08-01,WV,4.110522
2020-08-01,WY,0.30820048
2020-09-01,AK,2.2332096
2020-09-01,AL,5.3121643
2020-09-01,AR,2.8599124
2020-09-01,AZ,0.11853116
2020-09-01,CA,0.14935029
2020-09-01,CO,1.0792431
2020-09-01,FL,6.8197756
2020-09-01,GA,5.559903
2020-09-01,IA,4.0394354
2020-09-01,ID,0.545535
2020-09-01,IL,3.43484
2020-09-01,IN,1.8320218
2020-09-01,KS,1.0879042
2020-09-01,MD,3.925511
2020-09-01,ME,2.0291815
2020-09-01,MI,2.6062412
2020-09-01,MN,1.3591971
2020-09-01,MO,2.1718802
2020-09-01,MS,3.0075254
2020-09-01,MT,0.82162076
2020-09-01,NC,4.60681
2020-09-01,ND,0.7546897
2020-09-01,NE,1.0505984
2020-09-01,NH,1.0358762
2020-09-01,NM,0.6419392
2020-09-01,NV,0.28589875
2020-09-01,NY,2.852714
2020-09-01,OH,2.9806936
2020-09-01,OK,2.838841
2020-09-01,OR,0.80943006
2020-09-01,PA,2.1472483
2020-09-01,SC,4.191388
2020-09-01,SD,0.7090735
2020-09-01,TN,2.7315
2020-09-01,TX,3.3942008
2020-09-01,UT,0.2332094
2020-09-01,VA,2.6103039
2020-09-01,WA,1.2719958
2020-09-01,WI,2.8380356
2020-09-01,WV,2.4333947
2020-09-01,WY,0.6347779
2020-10-01,AK,1.874799
2020-10-01,AL,3.6697235
2020-10-01,AR,3.6958363
2020-10-01,AZ,0.15003255
2020-10-01,CA,0.3996018
2020-10-01,CO,0.76101756
2020-10-01,FL,4.7894235
2020-10-01,GA,2.6561728
2020-10-01,IA,1.8590343
2020-10-01,ID,1.1227967
2020-10-01,IL,3.0385737
2020-10-01,IN,4.017179
2020-10-01,KS,1.4618045
2020-10-01,MD,4.3016586
2020-10-01,ME,4.774388
2020-10-01,MI,3.7124379
2020-10-01,MN,1.4102948
2020-10-01,MO,2.8405056
2020-10-01,MS,5.434969
2020-10-01,MT,1.2652391
2020-10-01,NC,3.4838593
2020-10-01,ND,0.5863139
2020-10-01,NE,0.92258704
2020-10-01,NH,4.0019298
2020-10-01,NM,0.47201052
2020-10-01,NV,0.23595665
2020-10-01,NY,3.5243778
2020-10-01,OH,3.727092
2020-10-01,OK,2.5217946
2020-10-01,OR,1.2750405
2020-10-01,PA,2.5527172
2020-10-01,SC,2.614459
2020-10-01,SD,0.8211656
2020-10-01,TN,4.0142455
2020-10-01,TX,1.0609928
2020-10-01,UT,0.16419262
2020-10-01,VA,1.9798646
2020-10-01,WA,2.3729892
2020-10-01,WI,2.8552778
2020-10-01,WV,2.8376734
2020-10-01,WY,0.66785926
2020-11-01,AK,2.0463119
2020-11-01,AL,3.2208562
2020-11-01,AR,1.7074466
2020-11-01,AZ,0.30348602
2020-11-01,CA,1.5312055
2020-11-01,CO,0.6887977
2020-11-01,FL,4.1514454
2020-11-01,GA,2.9801316
2020-11-01,IA,2.1379907
2020-11-01,ID,1.8291223
2020-11-01,IL,2.2289996
2020-11-01,IN,2.328909
2020-11-01,KS,1.3801934
2020-11-01,MD,4.7850237
2020-11-01,ME,3.7174268
2020-11-01,MI,2.3579154
2020-11-01,MN,1.1855824
2020-11-01,MO,2.6350825
2020-11-01,MS,3.9526818
2020-11-01,MT,0.8509997
2020-11-01,NC,4.8165565
2020-11-01,ND,0.19275416
2020-11-01,NE,0.83165056
2020-11-01,NH,3.3803015
2020-11-01,NM,0.30325672
2020-11-01,NV,1.1836483
2020-11-01,NY,3.6563497
2020-11-01,OH,2.7965412
2020-11-01,OK,0.9406534
2020-11-01,OR,3.92206
2020-11-01,PA,2.763109
2020-11-01,SC,3.5562048
2020-11-01,SD,0.51760507
2020-11-01,TN,1.9468743
2020-11-01,TX,1.116584
2020-11-01,UT,0.8108212
2020-11-01,VA,3.664306
2020-11-01,WA,4.0210176
2020-11-01,WI,2.116676
2020-11-01,WV,2.5828989
2020-11-01,WY,0.22188422
2020-12-01,AK,1.8293487
2020-12-01,AL,2.7886803
2020-12-01,AR,3.1793242
2020-12-01,AZ,0.44786507
2020-12-01,CA,2.0184443
2020-12-01,CO,0.6894854
2020-12-01,FL,1.3860254
2020-12-01,GA,3.0111723
2020-12-01,IA,1.9138026
2020-12-01,ID,1.5438168
2020-12-01,IL,1.6591334
2020-12-01,IN,1.9944856
2020-12-01,KS,1.438598
2020-12-01,MD,5.003119
2020-12-01,ME,3.734386
2020-12-01,MI,1.7988108
2020-12-01,MN,0.76805353
2020-12-01,MO,1.4908309
2020-12-01,MS,3.5179193
2020-12-01,MT,0.51405525
2020-12-01,NC,4.140921
2020-12-01,ND,0.28417423
2020-12-01,NE,0.86931884
2020-12-01,NH,4.2586093
2020-12-01,NM,0.38599047
2020-12-01,NV,1.0662911
2020-12-01,NY,3.8461232
2020-12-01,OH,2.3435323
2020-12-01,OK,2.114141
2020-12-01,OR,3.786822
2020-12-01,PA,4.1779995
2020-12-01,SC,2.948306
2020-12-01,SD,0.53370446
2020-12-01,TN,3.0545404
2020-12-01,TX,2.2223196
2020-12-01,UT,0.5799743
2020-12-01,VA,3.3767476
2020-12-01,WA,3.796781
2020-12-01,WI,1.1424459
2020-12-01,WV,3.4643364
2020-12-01,WY,0.4329622
2021-01-01,AK,1.6914004
2021-01-01,AL,2.9039345
2021-01-01,AR,3.0741832
2021-01-01,AZ,0.7437594
2021-01-01,CA,3.0875823
2021-01-01,CO,0.69834846
2021-01-01,FL,0.8145027
2021-01-01,GA,4.174115
2021-01-01,IA,1.9220209
2021-01-01,ID,2.0064945
2021-01-01,IL,2.6267881
2021-01-01,IN,2.49646
2021-01-01,KS,1.2485367
2021-01-01,MD,2.504025
2021-01-01,ME,1.270883
2021-01-01,MI,1.3698524
2021-01-01,MN,0.8586742
2021-01-01,MO,2.7304134
2021-01-01,MS,2.658364
2021-01-01,MT,0.5268745
2021-01-01,NC,3.7959783
2021-01-01,ND,0.24322449
2021-01-01,NE,0.9147277
2021-01-01,NH,1.7824409
2021-01-01,NM,0.5756405
2021-01-01,NV,1.5962883
2021-01-01,NY,2.355675
2021-01-01,OH,2.243284
2021-01-01,OK,1.8493112
2021-01-01,OR,4.2524
2021-01-01,PA,2.5469842
2021-01-01,SC,3.8896089
2021-01-01,SD,0.5125053
2021-01-01,TN,3.0395439
2021-01-01,TX,1.1254603
2021-01-01,UT,0.8206034
2021-01-01,VA,1.4483068
2021-01-01,WA,4.194639
2021-01-01,WI,1.2771857
2021-01-01,WV,2.1798213
2021-01-01,WY,0.34780183
2021-02-01,AK,1.3941541
2021-02-01,AL,4.6348157
2021-02-01,AR,3.0586035
2021-02-01,AZ,0.49812043
2021-02-01,CA,1.6461605
2021-02-01,CO,1.0340805
2021-02-01,FL,2.7389767
2021-02-01,GA,4.6740904
2021-02-01,IA,1.2917424
2021-02-01,ID,1.7371153
2021-02-01,IL,2.0178585
2021-02-01,IN,2.7390394
2021-02-01,KS,0.644789
2021-02-01,MD,4.6669946
2021-02-01,ME,2.4051824
2021-02-01,MI,1.9285069
2021-02-01,MN,0.60232586
2021-02-01,MO,1.2482371
2021-02-01,MS,4.537416
2021-02-01,MT,0.8883868
2021-02-01,NC,5.014934
2021-02-01,ND,0.15282665
2021-02-01,NE,0.95093817
2021-02-01,NH,2.3800766
2021-02-01,NM,0.5471434
2021-02-01,NV,1.3268342
2021-02-01,NY,3.6971283
2021-02-01,OH,2.8580656
2021-02-01,OK,0.81628907
2021-02-01,OR,3.8394554
2021-02-01,PA,4.160187
2021-02-01,SC,4.7925444
2021-02-01,SD,0.70671874
2021-02-01,TN,4.559847
2021-02-01,TX,1.1370782
2021-02-01,UT,1.0921746
2021-02-01,VA,2.6621308
2021-02-01,WA,3.282848
2021-02-01,WI,1.1215285
2021-02-01,WV,3.825213
2021-02-01,WY,0.70547444
2021-03-01,AK,1.6598424
2021-03-01,AL,7.970001
2021-03-01,AR,4.5391784
2021-03-01,AZ,0.7119322
2021-03-01,CA,1.7037882
2021-03-01,CO,1.6548878
2021-03-01,FL,1.0107048
2021-03-01,GA,5.029069
2021-03-01,IA,2.9309525
2021-03-01,ID,0.97070074
2021-03-01,IL,2.6807508
2021-03-01,IN,2.7875702
2021-03-01,KS,3.5386326
2021-03-01,MD,3.0936053
2021-03-01,ME,2.2487888
2021-03-01,MI,1.7845082
2021-03-01,MN,1.8807361
2021-03-01,MO,3.5755913
2021-03-01,MS,7.353592
2021-03-01,MT,0.51919734
2021-03-01,NC,3.2466462
2021-03-01,ND,0.29460236
2021-03-01,NE,3.882042
2021-03-01,NH,1.6579081
2021-03-01,NM,0.9291115
2021-03-01,NV,1.0712713
2021-03-01,NY,2.441302
2021-03-01,OH,2.5138173
2021-03-01,OK,3.26331
2021-03-01,OR,2.0537236
2021-03-01,PA,2.4422295
2021-03-01,SC,4.1295795
2021-03-01,SD,1.9946426
2021-03-01,TN,6.326664
2021-03-01,TX,1.8527974
2021-03-01,UT,1.1762544
2021-03-01,VA,2.2089384
2021-03-01,WA,1.4802203
2021-03-01,WI,1.9774828
2021-03-01,WV,3.4477887
2021-03-01,WY,1.508569
2021-04-01,AK,1.0700295
2021-04-01,AL,4.780869
2021-04-01,AR,5.034539
2021-04-01,AZ,0.30775464
2021-04-01,CA,0.44832128
2021-04-01,CO,0.8869688
2021-04-01,FL,2.7387543
2021-04-01,GA,3.5678647
2021-04-01,IA,2.6468008
2021-04-01,ID,0.7677308
2021-04-01,IL,2.4837575
2021-04-01,IN,2.6897123
2021-04-01,KS,1.2847209
2021-04-01,MD,2.3274465
2021-04-01,ME,2.7445326
2021-04-01,MI,2.4355233
2021-04-01,MN,1.7873468
2021-04-01,MO,3.6146798
2021-04-01,MS,6.8236465
2021-04-01,MT,0.7204263
2021-04-01,NC,1.9055074
2021-04-01,ND,0.65792793
2021-04-01,NE,1.593387
2021-04-01,NH,3.5037694
2021-04-01,NM,0.48166442
2021-04-01,NV,0.5761812
2021-04-01,NY,3.1944275
2021-04-01,OH,2.4947617
2021-04-01,OK,2.4587932
2021-04-01,OR,0.92981315
2021-04-01,PA,2.510957
2021-04-01,SC,1.8394613
2021-04-01,SD,1.4542313
2021-04-01,TN,2.4841914
2021-04-01,TX,2.7329874
2021-04-01,UT,0.74353915
2021-04-01,VA,2.0814323
2021-04-01,WA,0.95811737
2021-04-01,WI,1.9238466
2021-04-01,WV,2.1771317
2021-04-01,WY,1.0492537
2021-05-01,AK,1.1065947
2021-05-01,AL,4.532489
2021-05-01,AR,5.0882483
2021-05-01,AZ,0.09565374
2021-05-01,CA,0.25600258
2021-05-01,CO,1.9650184
2021-05-01,FL,1.0210516
2021-05-01,GA,2.6534653
2021-05-01,IA,3.1644626
2021-05-01,ID,1.2470369
2021-05-01,IL,3.296791
2021-05-01,IN,2.7901933
2021-05-01,KS,3.7339904
2021-05-01,MD,2.7901826
2021-05-01,ME,2.5853052
2021-05-01,MI,2.1948195
2021-05-01,MN,1.8063864
2021-05-01,MO,4.357956
2021-05-01,MS,6.6514034
2021-05-01,MT,2.0386353
2021-05-01,NC,2.292304
2021-05-01,ND,1.974288
2021-05-01,NE,3.020276
2021-05-01,NH,2.0625443
2021-05-01,NM,1.2471367
2021-05-01,NV,0.8711092
2021-05-01,NY,3.1170697
2021-05-01,OH,3.086167
2021-05-01,OK,4.1813483
2021-05-01,OR,0.96073574
2021-05-01,PA,3.0368934
2021-05-01,SC,2.2238107
2021-05-01,SD,2.0879984
2021-05-01,TN,3.4805853
2021-05-01,TX,6.5830736
2021-05-01,UT,0.45409733
2021-05-01,VA,1.626795
2021-05-01,WA,0.85572267
2021-05-01,WI,2.8440778
2021-05-01,WV,2.5203013
2021-05-01,WY,1.1574059
2021-06-01,AK,1.479206
2021-06-01,AL,7.5738106
2021-06-01,AR,4.183122
2021-06-01,AZ,0.20980662
2021-06-01,CA,0.27752194
2021-06-01,CO,0.84499913
2021-06-01,FL,7.175583
2021-06-01,GA,5.332424
2021-06-01,IA,4.5696077
2021-06-01,ID,0.7939352
2021-06-01,IL,4.168087
2021-06-01,IN,5.586965
2021-06-01,KS,2.7401092
2021-06-01,MD,3.1035538
2021-06-01,ME,3.0023177
2021-06-01,MI,3.9628534
2021-06-01,MN,1.5503348
2021-06-01,MO,6.3995075
2021-06-01,MS,8.109791
2021-06-01,MT,0.8326004
2021-06-01,NC,4.346352
2021-06-01,ND,2.0526311
2021-06-01,NE,2.162566
2021-06-01,NH,1.9774508
2021-06-01,NM,1.2881962
2021-06-01,NV,0.38920546
2021-06-01,NY,3.1005063
2021-06-01,OH,5.0330863
2021-06-01,OK,4.5793276
2021-06-01,OR,1.1981255
2021-06-01,PA,3.0634744
2021-06-01,SC,4.4625516
2021-06-01,SD,1.8625345
2021-06-01,TN,4.0710726
2021-06-01,TX,3.5578268
2021-06-01,UT,0.34523517
2021-06-01,VA,3.0790162
2021-06-01,WA,0.90691817
2021-06-01,WI,3.5268457
2021-06-01,WV,3.9847953
2021-06-01,WY,0.709672
2021-07-01,AK,2.096716
2021-07-01,AL,7.139038
2021-07-01,AR,3.9644606
2021-07-01,AZ,2.2435443
2021-07-01,CA,0.19455688
2021-07-01,CO,1.9141722
2021-07-01,FL,6.492626
2021-07-01,GA,6.8145905
2021-07-01,IA,3.2189121
2021-07-01,ID,0.4023756
2021-07-01,IL,3.7683842
2021-07-01,IN,3.759275
2021-07-01,KS,2.439727
2021-07-01,MD,4.600815
2021-07-01,ME,3.3865447
2021-07-01,MI,3.0669363
2021-07-01,MN,2.059456
2021-07-01,MO,4.1323624
2021-07-01,MS,7.4790287
2021-07-01,MT,0.6470741
2021-07-01,NC,4.458978
2021-07-01,ND,1.2923074
2021-07-01,NE,1.9086516
2021-07-01,NH,6.759427
2021-07-01,NM,2.6040099
2021-07-01,NV,0.49072716
2021-07-01,NY,7.1352925
2021-07-01,OH,4.5756245
2021-07-01,OK,2.893916
2021-07-01,OR,0.30075824
2021-07-01,PA,6.577569
2021-07-01,SC,5.5958643
2021-07-01,SD,2.4848187
2021-07-01,TN,4.3949037
2021-07-01,TX,3.4785523
2021-07-01,UT,0.88229614
2021-07-01,VA,3.4030838
2021-07-01,WA,0.19148436
2021-07-01,WI,3.4733276
2021-07-01,WV,3.4488058
2021-07-01,WY,0.80837274
2021-08-01,AK,2.6147642
2021-08-01,AL,7.027321
2021-08-01,AR,2.3805258
2021-08-01,AZ,1.2904841
2021-08-01,CA,0.08993723
2021-08-01,CO,0.83615416
2021-08-01,FL,6.298702
2021-08-01,GA,5.8388524
2021-08-01,IA,3.1527023
2021-08-01,ID,1.0332985
2021-08-01,IL,4.274707
2021-08-01,IN,3.2528176
2021-08-01,KS,2.8564756
2021-08-01,MD,4.9776564
2021-08-01,ME,1.8177129
2021-08-01,MI,2.9668314
2021-08-01,MN,4.4522996
2021-08-01,MO,3.127406
2021-08-01,MS,6.1114783
2021-08-01,MT,1.7743684
2021-08-01,NC,5.064939
2021-08-01,ND,2.4567246
2021-08-01,NE,2.6215115
2021-08-01,NH,2.4186845
2021-08-01,NM,1.4910203
2021-08-01,NV,0.14491706
2021-08-01,NY,4.3441834
2021-08-01,OH,4.499957
2021-08-01,OK,2.2350621
2021-08-01,OR,0.18715926
2021-08-01,PA,4.1684065
2021-08-01,SC,4.974507
2021-08-01,SD,2.175284
2021-08-01,TN,5.1284866
2021-08-01,TX,2.4319217
2021-08-01,UT,1.1010487
2021-08-01,VA,4.512788
2021-08-01,WA,0.59920585
2021-08-01,WI,6.2805824
2021-08-01,WV,4.95011
2021-08-01,WY,0.855818
2021-09-01,AK,2.2019315
2021-09-01,AL,4.615681
2021-09-01,AR,1.6675574
2021-09-01,AZ,0.6533447
2021-09-01,CA,0.31303093
2021-09-01,CO,1.0139574
2021-09-01,FL,5.5309896
2021-09-01,GA,4.5492067
2021-09-01,IA,1.589865
2021-09-01,ID,0.77564335
2021-09-01,IL,1.887567
2021-09-01,IN,3.8585258
2021-09-01,KS,2.0744317
2021-09-01,MD,4.7696004
2021-09-01,ME,5.543196
2021-09-01,MI,2.3846543
2021-09-01,MN,2.195767
2021-09-01,MO,2.7957644
2021-09-01,MS,5.1472445
2021-09-01,MT,0.4052363
2021-09-01,NC,3.1835976
2021-09-01,ND,0.80368686
2021-09-01,NE,1.7708642
2021-09-01,NH,4.2994237
2021-09-01,NM,0.8956899
2021-09-01,NV,0.29530406
2021-09-01,NY,5.985424
2021-09-01,OH,3.2610435
2021-09-01,OK,1.6994145
2021-09-01,OR,1.7108232
2021-09-01,PA,6.3747153
2021-09-01,SC,4.341297
2021-09-01,SD,1.6226481
2021-09-01,TN,3.041834
2021-09-01,TX,1.9409623
2021-09-01,UT,0.48050565
2021-09-01,VA,4.177405
2021-09-01,WA,2.0086212
2021-09-01,WI,2.2771227
2021-09-01,WV,2.8778555
2021-09-01,WY,0.6323951
2021-10-01,AK,2.2573168
2021-10-01,AL,5.2058907
2021-10-01,AR,3.5692573
2021-10-01,AZ,0.72255296
2021-10-01,CA,2.3982189
2021-10-01,CO,1.3395587
2021-10-01,FL,2.3479125
2021-10-01,GA,4.281907
2021-10-01,IA,5.0916476
2021-10-01,ID,1.8055958
2021-10-01,IL,5.2224083
2021-10-01,IN,4.4604874
2021-10-01,KS,3.0170605
2021-10-01,MD,3.1519148
2021-10-01,ME,2.6764245
2021-10-01,MI,2.5817106
2021-10-01,MN,2.9380393
2021-10-01,MO,5.285367
2021-10-01,MS,3.0355835
2021-10-01,MT,0.9021807
2021-10-01,NC,3.2136009
2021-10-01,ND,2.3330274
2021-10-01,NE,1.7824603
2021-10-01,NH,4.8196383
2021-10-01,NM,0.60464495
2021-10-01,NV,1.7267181
2021-10-01,NY,5.1878414
2021-10-01,OH,4.3324547
2021-10-01,OK,2.9929945
2021-10-01,OR,2.1117568
2021-10-01,PA,4.0700626
2021-10-01,SC,3.0277014
2021-10-01,SD,2.3571608
2021-10-01,TN,3.6328547
2021-10-01,TX,2.193766
2021-10-01,UT,1.5075772
2021-10-01,VA,1.8987367
2021-10-01,WA,2.7488732
2021-10-01,WI,2.0753472
2021-10-01,WV,2.9414074
2021-10-01,WY,1.5427377
2021-11-01,AK,1.2903994
2021-11-01,AL,0.970373
2021-11-01,AR,1.487367
2021-11-01,AZ,0.16245691
2021-11-01,CA,1.4179677
2021-11-01,CO,0.4324151
2021-11-01,FL,3.2872849
2021-11-01,GA,1.0926193
2021-11-01,IA,1.0055757
2021-11-01,ID,1.8731407
2021-11-01,IL,0.9710194
2021-11-01,IN,1.4689256
2021-11-01,KS,0.41606465
2021-11-01,MD,0.84621644
2021-11-01,ME,2.9198604
2021-11-01,MI,1.969367
2021-11-01,MN,0.97963035
2021-11-01,MO,0.84139085
2021-11-01,MS,1.1424055
2021-11-01,MT,0.5987296
2021-11-01,NC,0.8708813
2021-11-01,ND,0.46186936
2021-11-01,NE,0.36443675
2021-11-01,NH,2.2221627
2021-11-01,NM,0.20286088
2021-11-01,NV,0.7996574
2021-11-01,NY,2.3053339
2021-11-01,OH,1.6365625
2021-11-01,OK,0.65123993
2021-11-01,OR,3.5541356
2021-11-01,PA,1.8965383
2021-11-01,SC,1.1505411
2021-11-01,SD,0.35550562
2021-11-01,TN,1.3116695
2021-11-01,TX,1.2084129
2021-11-01,UT,0.40412587
2021-11-01,VA,0.54720294
2021-11-01,WA,5.636488
2021-11-01,WI,1.2993842
2021-11-01,WV,0.99554086
2021-11-01,WY,0.29105598
2021-12-01,AK,2.4927056
2021-12-01,AL,3.51144
2021-12-01,AR,2.4943256
2021-12-01,AZ,1.4904723
2021-12-01,CA,3.7074847
2021-12-01,CO,0.94928604
2021-12-01,FL,1.1369663
2021-12-01,GA,3.2231472
2021-12-01,IA,1.3499786
2021-12-01,ID,2.1510491
2021-12-01,IL,2.8971293
2021-12-01,IN,3.793761
2021-12-01,KS,0.44902143
2021-12-01,MD,1.5337781
2021-12-01,ME,2.6913085
2021-12-01,MI,3.7193444
2021-12-01,MN,1.5016222
2021-12-01,MO,2.0298262
2021-12-01,MS,2.716305
2021-12-01,MT,1.0572884
2021-12-01,NC,1.9801464
2021-12-01,ND,0.7678464
2021-12-01,NE,0.48567712
2021-12-01,NH,3.3060942
2021-12-01,NM,0.6994663
2021-12-01,NV,2.3037686
2021-12-01,NY,2.7447262
2021-12-01,OH,3.5512378
2021-12-01,OK,0.71941215
2021-12-01,OR,5.0540524
2021-12-01,PA,2.0078042
2021-12-01,SC,3.0204875
2021-12-01,SD,0.79241776
2021-12-01,TN,3.5950012
2021-12-01,TX,0.74627376
2021-12-01,UT,1.3934401
2021-12-01,VA,2.024376
2021-12-01,WA,3.8034928
2021-12-01,WI,2.5217876
2021-12-01,WV,2.741425
2021-12-01,WY,0.7425534
2022-01-01,AK,1.7427858
2022-01-01,AL,3.3729858
2022-01-01,AR,2.0761638
2022-01-01,AZ,0.37047166
2022-01-01,CA,1.1653744
2022-01-01,CO,0.64420843
2022-01-01,FL,1.4720635
2022-01-01,GA,3.066018
2022-01-01,IA,1.084794
2022-01-01,ID,1.7492784
2022-01-01,IL,1.520423
2022-01-01,IN,2.1010058
2022-01-01,KS,0.6389871
2022-01-01,MD,4.0762796
2022-01-01,ME,2.2353594
2022-01-01,MI,1.6302832
2022-01-01,MN,0.606784
2022-01-01,MO,1.2037631
2022-01-01,MS,3.218605
2022-01-01,MT,0.7881182
2022-01-01,NC,4.1031284
2022-01-01,ND,0.47891566
2022-01-01,NE,0.48072135
2022-01-01,NH,1.9178166
2022-01-01,NM,0.3067449
2022-01-01,NV,0.624148
2022-01-01,NY,2.4400163
2022-01-01,OH,2.6172073
2022-01-01,OK,0.5095955
2022-01-01,OR,2.9084015
2022-01-01,PA,3.0574608
2022-01-01,SC,3.1212802
2022-01-01,SD,0.28978667
2022-01-01,TN,4.5200973
2022-01-01,TX,1.0704077
2022-01-01,UT,0.53024465
2022-01-01,VA,2.7213526
2022-01-01,WA,3.5611665
2022-01-01,WI,0.6898964
2022-01-01,WV,3.942809
2022-01-01,WY,0.46832997
2022-02-01,AK,2.1957216
2022-02-01,AL,5.225361
2022-02-01,AR,3.876246
2022-02-01,AZ,0.55437064
2022-02-01,CA,0.8958813
2022-02-01,CO,0.9885168
2022-02-01,FL,1.1588027
2022-02-01,GA,3.3658423
2022-02-01,IA,1.0748894
2022-02-01,ID,1.0883427
2022-02-01,IL,3.650857
2022-02-01,IN,4.3453913
2022-02-01,KS,0.5681986
2022-02-01,MD,2.429224
2022-02-01,ME,4.469284
2022-02-01,MI,3.1742885
2022-02-01,MN,0.8518785
2022-02-01,MO,2.5731936
2022-02-01,MS,4.1031337
2022-02-01,MT,0.6757327
2022-02-01,NC,2.8244212
2022-02-01,ND,0.49936083
2022-02-01,NE,0.37524593
2022-02-01,NH,4.0994534
2022-02-01,NM,0.49211767
2022-02-01,NV,0.51178026
2022-02-01,NY,4.0203156
2022-02-01,OH,4.9860053
2022-02-01,OK,1.3869416
2022-02-01,OR,1.7404842
2022-02-01,PA,4.375405
2022-02-01,SC,2.3371425
2022-02-01,SD,0.42983603
2022-02-01,TN,7.2093253
2022-02-01,TX,1.2453588
2022-02-01,UT,0.5335938
2022-02-01,VA,2.8936195
2022-02-01,WA,2.410518
2022-02-01,WI,1.1223372
2022-02-01,WV,5.4477987
2022-02-01,WY,0.5422998
2022-03-01,AK,1.2861638
2022-03-01,AL,5.6920986
2022-03-01,AR,5.1625824
2022-03-01,AZ,0.6533613
2022-03-01,CA,1.2178177
2022-03-01,CO,1.1242723
2022-03-01,FL,2.723153
2022-03-01,GA,5.87201
2022-03-01,IA,2.9965277
2022-03-01,ID,1.1155343
2022-03-01,IL,3.4615855
2022-03-01,IN,3.117689
2022-03-01,KS,1.7062973
2022-03-01,MD,2.8487127
2022-03-01,ME,3.684255
2022-03-01,MI,3.6835728
2022-03-01,MN,1.4193449
2022-03-01,MO,3.6618505
2022-03-01,MS,5.4376817
2022-03-01,MT,0.62351537
2022-03-01,NC,3.223199
2022-03-01,ND,0.3281642
2022-03-01,NE,1.1711986
2022-03-01,NH,3.1509824
2022-03-01,NM,0.64189196
2022-03-01,NV,0.9013444
2022-03-01,NY,3.2623763
2022-03-01,OH,2.8440828
2022-03-01,OK,2.203608
2022-03-01,OR,2.2327192
2022-03-01,PA,2.9803188
2022-03-01,SC,3.69033
2022-03-01,SD,0.49502936
2022-03-01,TN,3.7928953
2022-03-01,TX,1.5795753
2022-03-01,UT,0.74432766
2022-03-01,VA,1.8994374
2022-03-01,WA,2.1626036
2022-03-01,WI,3.1767883
2022-03-01,WV,2.2221704
2022-03-01,WY,0.8159689
2022-04-01,AK,0.7363648
2022-04-01,AL,4.8549514
2022-04-01,AR,4.962888
2022-04-01,AZ,0.1456362
2022-04-01,CA,1.189874
2022-04-01,CO,0.9222867
2022-04-01,FL,2.7901764
2022-04-01,GA,3.6133976
2022-04-01,IA,3.0225782
2022-04-01,ID,1.3879365
2022-04-01,IL,2.7891927
2022-04-01,IN,3.1065397
2022-04-01,KS,1.3513775
2022-04-01,MD,2.636665
2022-04-01,ME,3.583508
2022-04-01,MI,4.152167
2022-04-01,MN,3.499707
2022-04-01,MO,3.799656
2022-04-01,MS,4.3957605
2022-04-01,MT,1.0429481
2022-04-01,NC,2.5787556
2022-04-01,ND,2.4626915
2022-04-01,NE,1.427413
2022-04-01,NH,3.4326553
2022-04-01,NM,0.25301626
2022-04-01,NV,0.9442209
2022-04-01,NY,3.9806237
2022-04-01,OH,2.5734522
2022-04-01,OK,2.2353473
2022-04-01,OR,2.80085
2022-04-01,PA,2.9088736
2022-04-01,SC,3.427977
2022-04-01,SD,1.9929605
2022-04-01,TN,4.3581314
2022-04-01,TX,1.2296994
2022-04-01,UT,0.6746717
2022-04-01,VA,2.0244684
2022-04-01,WA,2.2192838
2022-04-01,WI,3.3958366
2022-04-01,WV,2.679783
2022-04-01,WY,1.0308595
2022-05-01,AK,0.8154766
2022-05-01,AL,4.2981367
2022-05-01,AR,4.77997
2022-05-01,AZ,0.06336272
2022-05-01,CA,0.40609217
2022-05-01,CO,1.7839766
2022-05-01,FL,2.672753
2022-05-01,GA,3.2702188
2022-05-01,IA,3.2841215
2022-05-01,ID,1.7337458
2022-05-01,IL,3.224953
2022-05-01,IN,3.30654
2022-05-01,KS,4.5842514
2022-05-01,MD,4.3971715
2022-05-01,ME,2.8845115
2022-05-01,MI,2.8652155
2022-05-01,MN,3.9980674
2022-05-01,MO,5.473353
2022-05-01,MS,4.313867
2022-05-01,MT,1.5047418
2022-05-01,NC,3.8969638
2022-05-01,ND,3.2364795
2022-05-01,NE,2.9729488
2022-05-01,NH,2.6042957
2022-05-01,NM,0.5950498
2022-05-01,NV,0.86311823
2022-05-01,NY,2.8880525
2022-05-01,OH,4.61825
2022-05-01,OK,5.8033323
2022-05-01,OR,1.9949745
2022-05-01,PA,3.5038953
2022-05-01,SC,2.8856502
2022-05-01,SD,3.225071
2022-05-01,TN,3.39267
2022-05-01,TX,2.4258852
2022-05-01,UT,0.6241243
2022-05-01,VA,4.8751984
2022-05-01,WA,2.1842725
2022-05-01,WI,3.2752826
2022-05-01,WV,4.787652
2022-05-01,WY,1.831236
2022-06-01,AK,0.9286009
2022-06-01,AL,3.4782972
2022-06-01,AR,2.933967
2022-06-01,AZ,0.31235796
2022-06-01,CA,0.35927254
2022-06-01,CO,0.86108285
2022-06-01,FL,5.917778
2022-06-01,GA,3.5843043
2022-06-01,IA,3.4002142
2022-06-01,ID,1.910847
2022-06-01,IL,2.333273
2022-06-01,IN,2.1087027
2022-06-01,KS,2.816019
2022-06-01,MD,3.6658828
2022-06-01,ME,3.0134106
2022-06-01,MI,2.366498
2022-06-01,MN,2.5353038
2022-06-01,MO,2.7652354
2022-06-01,MS,2.896446
2022-06-01,MT,2.3726192
2022-06-01,NC,2.5921328
2022-06-01,ND,2.0320778
2022-06-01,NE,1.8618394
2022-06-01,NH,2.7891693
2022-06-01,NM,1.1858102
2022-06-01,NV,0.5827059
2022-06-01,NY,3.5136538
2022-06-01,OH,2.637574
2022-06-01,OK,3.450368
2022-06-01,OR,2.0108886
2022-06-01,PA,3.7118428
2022-06-01,SC,2.8733368
2022-06-01,SD,1.8816067
2022-06-01,TN,1.999545
2022-06-01,TX,1.4044665
2022-06-01,UT,0.4011236
2022-06-01,VA,3.4663124
2022-06-01,WA,2.4047804
2022-06-01,WI,3.6823444
2022-06-01,WV,3.3983064
2022-06-01,WY,0.8813772
2022-07-01,AK,2.4054008
2022-07-01,AL,5.011888
2022-07-01,AR,2.9456646
2022-07-01,AZ,1.155805
2022-07-01,CA,0.16741706
2022-07-01,CO,1.8203562
2022-07-01,FL,4.2107944
2022-07-01,GA,5.742611
2022-07-01,IA,2.913816
2022-07-01,ID,0.3914383
2022-07-01,IL,3.9981697
2022-07-01,IN,4.961014
2022-07-01,KS,3.0711281
2022-07-01,MD,4.120076
2022-07-01,ME,3.7401047
2022-07-01,MI,2.429457
2022-07-01,MN,3.1853375
2022-07-01,MO,3.7175918
2022-07-01,MS,4.7843804
2022-07-01,MT,1.630713
2022-07-01,NC,5.5949783
2022-07-01,ND,2.8509867
2022-07-01,NE,2.8182127
2022-07-01,NH,3.0075514
2022-07-01,NM,1.7912841
2022-07-01,NV,0.20841682
2022-07-01,NY,2.6398032
2022-07-01,OH,4.958915
2022-07-01,OK,1.757341
2022-07-01,OR,0.28340748
2022-07-01,PA,2.1830735
2022-07-01,SC,6.1087446
2022-07-01,SD,2.295121
2022-07-01,TN,5.12331
2022-07-01,TX,1.2000228
2022-07-01,UT,0.44512257
2022-07-01,VA,3.9288836
2022-07-01,WA,0.620006
2022-07-01,WI,3.943362
2022-07-01,WV,6.4703283
2022-07-01,WY,0.7345954
2022-08-01,AK,3.0813935
2022-08-01,AL,6.134509
2022-08-01,AR,3.5601707
2022-08-01,AZ,2.048704
2022-08-01,CA,0.30056348
2022-08-01,CO,1.2767383
2022-08-01,FL,5.3304124
2022-08-01,GA,5.4044914
2022-08-01,IA,2.930863
2022-08-01,ID,0.6413839
2022-08-01,IL,3.8586712
2022-08-01,IN,3.2007413
2022-08-01,KS,1.3823466
2022-08-01,MD,2.635108
2022-08-01,ME,3.6243613
2022-08-01,MI,2.922353
2022-08-01,MN,3.3609269
2022-08-01,MO,2.955778
2022-08-01,MS,7.6820846
2022-08-01,MT,0.7183961
2022-08-01,NC,3.3736484
2022-08-01,ND,1.498745
2022-08-01,NE,1.3119109
2022-08-01,NH,3.7533627
2022-08-01,NM,2.4390485
2022-08-01,NV,0.66396314
2022-08-01,NY,3.0763896
2022-08-01,OH,3.2640388
2022-08-01,OK,2.0052361
2022-08-01,OR,0.27218446
2022-08-01,PA,2.7225146
2022-08-01,SC,4.576819
2022-08-01,SD,1.6633229
2022-08-01,TN,3.3672683
2022-08-01,TX,4.069016
2022-08-01,UT,1.038504
2022-08-01,VA,3.2877417
2022-08-01,WA,0.34067464
2022-08-01,WI,4.2378597
2022-08-01,WV,3.3021326
2022-08-01,WY,0.81440353
2022-09-01,AK,2.7538474
2022-09-01,AL,1.8677982
2022-09-01,AR,1.0465791
2022-09-01,AZ,0.9643541
2022-09-01,CA,0.47299948
2022-09-01,CO,1.0334955
2022-09-01,FL,9.75512
2022-09-01,GA,2.3470466
2022-09-01,IA,2.9795015
2022-09-01,ID,0.938828
2022-09-01,IL,2.506005
2022-09-01,IN,2.0405922
2022-09-01,KS,1.8520378
2022-09-01,MD,2.7899559
2022-09-01,ME,2.7559223
2022-09-01,MI,2.501259
2022-09-01,MN,1.24
2022-09-01,MO,1.9112315
2022-09-01,MS,1.5400152
2022-09-01,MT,0.94973147
2022-09-01,NC,3.1540983
2022-09-01,ND,0.65267617
2022-09-01,NE,1.1002703
2022-09-01,NH,5.005313
2022-09-01,NM,0.81316096
2022-09-01,NV,0.6106521
2022-09-01,NY,4.359306
2022-09-01,OH,3.0134811
2022-09-01,OK,0.8453888
2022-09-01,OR,0.65780175
2022-09-01,PA,4.414812
2022-09-01,SC,3.60743
2022-09-01,SD,0.5891535
2022-09-01,TN,1.8285083
2022-09-01,TX,1.1867944
2022-09-01,UT,0.9442024
2022-09-01,VA,1.9666348
2022-09-01,WA,0.50972134
2022-09-01,WI,2.6076517
2022-09-01,WV,2.2870407
2022-09-01,WY,1.1709676
2022-10-01,AK,2.5936415
2022-10-01,AL,1.4579344
2022-10-01,AR,2.8387935
2022-10-01,AZ,0.6608519
2022-10-01,CA,0.3762676
2022-10-01,CO,1.0203038
2022-10-01,FL,1.4946887
2022-10-01,GA,1.0880162
2022-10-01,IA,1.307452
2022-10-01,ID,0.9321618
2022-10-01,IL,1.5009034
2022-10-01,IN,1.5416346
2022-10-01,KS,0.72106653
2022-10-01,MD,3.5771425
2022-10-01,ME,3.8598595
2022-10-01,MI,2.4370608
2022-10-01,MN,0.6367044
2022-10-01,MO,2.1400554
2022-10-01,MS,2.0559254
2022-10-01,MT,1.0668907
2022-10-01,NC,1.8364908
2022-10-01,ND,0.5487792
2022-10-01,NE,0.69220126
2022-10-01,NH,3.363303
2022-10-01,NM,1.37107
2022-10-01,NV,0.31533858
2022-10-01,NY,3.480091
2022-10-01,OH,1.438447
2022-10-01,OK,1.8197654
2022-10-01,OR,1.4182612
2022-10-01,PA,2.3711662
2022-10-01,SC,0.99325114
2022-10-01,SD,0.39215848
2022-10-01,TN,1.7330672
2022-10-01,TX,2.011957
2022-10-01,UT,0.54814833
2022-10-01,VA,1.4956737
2022-10-01,WA,1.7985579
2022-10-01,WI,1.1627142
2022-10-01,WV,1.5017785
2022-10-01,WY,0.50751734
2022-11-01,AK,1.9211076
2022-11-01,AL,4.083434
2022-11-01,AR,3.8274796
2022-11-01,AZ,0.45077938
2022-11-01,CA,1.9337205
2022-11-01,CO,0.6137697
2022-11-01,FL,3.0943742
2022-11-01,GA,3.8568406
2022-11-01,IA,2.38054
2022-11-01,ID,2.0986607
2022-11-01,IL,1.7195225
2022-11-01,IN,1.8104777
2022-11-01,KS,1.2547423
2022-11-01,MD,2.7289371
2022-11-01,ME,4.5399933
2022-11-01,MI,3.60981
2022-11-01,MN,1.4067829
2022-11-01,MO,2.8463907
2022-11-01,MS,4.979888
2022-11-01,MT,0.9853074
2022-11-01,NC,3.4537115
2022-11-01,ND,0.4635761
2022-11-01,NE,0.50784445
2022-11-01,NH,3.997859
2022-11-01,NM,0.51641077
2022-11-01,NV,1.2230127
2022-11-01,NY,3.6645608
2022-11-01,OH,2.37188
2022-11-01,OK,1.6911368
2022-11-01,OR,3.8226385
2022-11-01,PA,3.6698365
2022-11-01,SC,3.5711684
2022-11-01,SD,0.4782927
2022-11-01,TN,2.6271307
2022-11-01,TX,2.5706902
2022-11-01,UT,1.1466734
2022-11-01,VA,3.1003535
2022-11-01,WA,3.454628
2022-11-01,WI,2.823225
2022-11-01,WV,2.8678832
2022-11-01,WY,0.75954264
2022-12-01,AK,1.829709
2022-12-01,AL,3.8472176
2022-12-01,AR,3.8216252
2022-12-01,AZ,1.1395715
2022-12-01,CA,4.2416854
2022-12-01,CO,1.031604
2022-12-01,FL,1.7175596
2022-12-01,GA,2.7769666
2022-12-01,IA,1.91259
2022-12-01,ID,2.5872643
2022-12-01,IL,2.469632
2022-12-01,IN,2.5513647
2022-12-01,KS,0.81479573
2022-12-01,MD,3.977019
2022-12-01,ME,3.9343443
2022-12-01,MI,2.7333326
2022-12-01,MN,2.0892184
2022-12-01,MO,1.8423901
2022-12-01,MS,6.0409684
2022-12-01,MT,1.1206152
2022-12-01,NC,3.266587
2022-12-01,ND,0.9923713
2022-12-01,NE,1.3308026
2022-12-01,NH,5.2124343
2022-12-01,NM,0.8674619
2022-12-01,NV,2.8814254
2022-12-01,NY,4.4693213
2022-12-01,OH,2.1185052
2022-12-01,OK,1.4093143
2022-12-01,OR,4.7665935
2022-12-01,PA,3.9411438
2022-12-01,SC,2.6696708
2022-12-01,SD,1.5976158
2022-12-01,TN,3.8478305
2022-12-01,TX,1.5163966
2022-12-01,UT,1.6321826
2022-12-01,VA,2.6232777
2022-12-01,WA,4.4165635
2022-12-01,WI,2.629594
2022-12-01,WV,3.1551018
2022-12-01,WY,1.0083582
2023-01-01,AK,1.6518886
2023-01-01,AL,5.906696
2023-01-01,AR,4.042356
2023-01-01,AZ,1.5623511
2023-01-01,CA,4.3078666
2023-01-01,CO,1.4522034
2023-01-01,FL,0.6735132
2023-01-01,GA,5.9091263
2023-01-01,IA,2.528266
2023-01-01,ID,1.7903063
2023-01-01,IL,2.9354596
2023-01-01,IN,3.7610664
2023-01-01,KS,1.4716336
2023-01-01,MD,2.7241774
2023-01-01,ME,4.894094
2023-01-01,MI,3.040671
2023-01-01,MN,1.4579613
2023-01-01,MO,2.1087472
2023-01-01,MS,6.481579
2023-01-01,MT,0.8652654
2023-01-01,NC,3.65878
2023-01-01,ND,0.2643724
2023-01-01,NE,1.8358052
2023-01-01,NH,5.143969
2023-01-01,NM,1.122249
2023-01-01,NV,2.3724725
2023-01-01,NY,4.65071
2023-01-01,OH,3.9317703
2023-01-01,OK,1.2546349
2023-01-01,OR,3.4558384
2023-01-01,PA,3.835275
2023-01-01,SC,4.867679
2023-01-01,SD,1.4419584
2023-01-01,TN,5.2194743
2023-01-01,TX,1.746271
2023-01-01,UT,2.522263
2023-01-01,VA,1.624095
2023-01-01,WA,2.600618
2023-01-01,WI,2.254412
2023-01-01,WV,3.130396
2023-01-01,WY,1.4671407
2023-02-01,AK,1.506416
2023-02-01,AL,3.610842
2023-02-01,AR,3.4925864
2023-02-01,AZ,0.7485919
2023-02-01,CA,2.5977535
2023-02-01,CO,1.1529964
2023-02-01,FL,1.1161104
2023-02-01,GA,3.2663093
2023-02-01,IA,3.484017
2023-02-01,ID,1.2893003
2023-02-01,IL,3.6878877
2023-02-01,IN,3.6361773
2023-02-01,KS,1.2727095
2023-02-01,MD,2.3367026
2023-02-01,ME,2.029632
2023-02-01,MI,3.492511
2023-02-01,MN,1.5627233
2023-02-01,MO,3.022645
2023-02-01,MS,4.147733
2023-02-01,MT,0.67685115
2023-02-01,NC,3.097062
2023-02-01,ND,0.4264283
2023-02-01,NE,0.99339455
2023-02-01,NH,1.6222155
2023-02-01,NM,0.7228604
2023-02-01,NV,1.2976995
2023-02-01,NY,2.314825
2023-02-01,OH,3.2443802
2023-02-01,OK,2.2227082
2023-02-01,OR,2.578995
2023-02-01,PA,2.0857475
2023-02-01,SC,3.1537867
2023-02-01,SD,0.78645754
2023-02-01,TN,4.0876307
2023-02-01,TX,1.3266296
2023-02-01,UT,1.0724623
2023-02-01,VA,2.2612162
2023-02-01,WA,2.3881512
2023-02-01,WI,3.1568203
2023-02-01,WV,3.8016207
2023-02-01,WY,0.8916722
2023-03-01,AK,1.2450362
2023-03-01,AL,4.529895
2023-03-01,AR,5.534828
2023-03-01,AZ,1.5745414
2023-03-01,CA,4.2603593
2023-03-01,CO,1.2998315
2023-03-01,FL,0.89744294
2023-03-01,GA,4.0701423
2023-03-01,IA,1.8708448
2023-03-01,ID,1.7620342
2023-03-01,IL,4.101843
2023-03-01,IN,4.637923
2023-03-01,KS,0.72186846
2023-03-01,MD,1.710156
2023-03-01,ME,2.0330586
2023-03-01,MI,3.345602
2023-03-01,MN,1.7908857
2023-03-01,MO,3.6654148
2023-03-01,MS,4.3053665
2023-03-01,MT,0.9083507
2023-03-01,NC,2.600415
2023-03-01,ND,0.8413865
2023-03-01,NE,0.86554337
2023-03-01,NH,2.6348598
2023-03-01,NM,0.9690525
2023-03-01,NV,2.4720945
2023-03-01,NY,3.388706
2023-03-01,OH,4.0822377
2023-03-01,OK,1.5661976
2023-03-01,OR,3.8899527
2023-03-01,PA,2.9211037
2023-03-01,SC,3.4005733
2023-03-01,SD,1.2847413
2023-03-01,TN,4.9125133
2023-03-01,TX,1.3562586
2023-03-01,UT,2.1522765
2023-03-01,VA,2.1221519
2023-03-01,WA,1.9264588
2023-03-01,WI,3.1166909
2023-03-01,WV,3.0852857
2023-03-01,WY,0.92386323
2023-04-01,AK,0.92261654
2023-04-01,AL,4.679326
2023-04-01,AR,4.9054475
2023-04-01,AZ,0.1947535
2023-04-01,CA,0.6520053
2023-04-01,CO,1.3730139
2023-04-01,FL,3.5128746
2023-04-01,GA,4.287242
2023-04-01,IA,1.8520939
2023-04-01,ID,1.1753628
2023-04-01,IL,2.259209
2023-04-01,IN,2.0356388
2023-04-01,KS,1.0496496
2023-04-01,MD,4.423975
2023-04-01,ME,1.7067258
2023-04-01,MI,3.3263035
2023-04-01,MN,1.7619194
2023-04-01,MO,1.40365
2023-04-01,MS,5.746263
2023-04-01,MT,0.89839846
2023-04-01,NC,4.630941
2023-04-01,ND,1.0147743
2023-04-01,NE,0.9965699
2023-04-01,NH,3.006043
2023-04-01,NM,0.4181875
2023-04-01,NV,0.7522921
2023-04-01,NY,4.428108
2023-04-01,OH,2.4894986
2023-04-01,OK,1.8084153
2023-04-01,OR,2.3495378
2023-04-01,PA,3.7019
2023-04-01,SC,4.0898895
2023-04-01,SD,0.89376897
2023-04-01,TN,3.389068
2023-04-01,TX,2.948513
2023-04-01,UT,0.83011866
2023-04-01,VA,3.2672858
2023-04-01,WA,2.4675183
2023-04-01,WI,2.305153
2023-04-01,WV,2.5481765
2023-04-01,WY,1.1471909
2023-05-01,AK,1.3439159
2023-05-01,AL,2.9734356
2023-05-01,AR,2.748589
2023-05-01,AZ,0.22859256
2023-05-01,CA,0.7135406
2023-05-01,CO,2.1476157
2023-05-01,FL,3.3518546
2023-05-01,GA,2.6345541
2023-05-01,IA,2.4275384
2023-05-01,ID,1.6534691
2023-05-01,IL,1.9990774
2023-05-01,IN,2.4057157
2023-05-01,KS,3.2468023
2023-05-01,MD,1.3926489
2023-05-01,ME,1.9862272
2023-05-01,MI,1.8702626
2023-05-01,MN,1.5129621
2023-05-01,MO,2.6663976
2023-05-01,MS,3.0294354
2023-05-01,MT,2.0347798
2023-05-01,NC,2.3937645
2023-05-01,ND,1.9303923
2023-05-01,NE,3.5861
2023-05-01,NH,2.291228
2023-05-01,NM,1.4159603
2023-05-01,NV,1.3370246
2023-05-01,NY,1.5765276
2023-05-01,OH,2.0663912
2023-05-01,OK,3.4987512
2023-05-01,OR,1.5359329
2023-05-01,PA,0.76903206
2023-05-01,SC,3.080802
2023-05-01,SD,3.6449795
2023-05-01,TN,2.6521063
2023-05-01,TX,3.6646836
2023-05-01,UT,0.758243
2023-05-01,VA,1.3845581
2023-05-01,WA,1.1548845
2023-05-01,WI,1.6820947
2023-05-01,WV,2.5109158
2023-05-01,WY,1.4993442
2023-06-01,AK,1.7330937
2023-06-01,AL,5.649169
2023-06-01,AR,3.306745
2023-06-01,AZ,0.1446962
2023-06-01,CA,0.30707687
2023-06-01,CO,2.6809618
2023-06-01,FL,6.0456486
2023-06-01,GA,6.5135345
2023-06-01,IA,3.996227
2023-06-01,ID,1.6471794
2023-06-01,IL,1.4978704
2023-06-01,IN,2.266617
2023-06-01,KS,4.192714
2023-06-01,MD,3.7337837
2023-06-01,ME,4.5856643
2023-06-01,MI,2.065591
2023-06-01,MN,2.1218972
2023-06-01,MO,1.872288
2023-06-01,MS,4.728438
2023-06-01,MT,2.8056319
2023-06-01,NC,3.2036772
2023-06-01,ND,2.9464724
2023-06-01,NE,3.7988925
2023-06-01,NH,5.860489
2023-06-01,NM,1.1322833
2023-06-01,NV,0.9464065
2023-06-01,NY,3.435246
2023-06-01,OH,3.167466
2023-06-01,OK,3.779111
2023-06-01,OR,0.7204949
2023-06-01,PA,3.3891912
2023-06-01,SC,5.0100594
2023-06-01,SD,4.012238
2023-06-01,TN,3.2081015
2023-06-01,TX,2.2216752
2023-06-01,UT,0.8443496
2023-06-01,VA,2.2013507
2023-06-01,WA,0.7789949
2023-06-01,WI,2.199016
2023-06-01,WV,3.1404974
2023-06-01,WY,2.468478
2023-07-01,AK,1.9899644
2023-07-01,AL,5.2361097
2023-07-01,AR,3.898844
2023-07-01,AZ,0.47595224
2023-07-01,CA,0.06635027
2023-07-01,CO,0.9870594
2023-07-01,FL,5.79922
2023-07-01,GA,4.12914
2023-07-01,IA,3.1052623
2023-07-01,ID,0.30484706
2023-07-01,IL,3.7905085
2023-07-01,IN,5.279144
2023-07-01,KS,3.8145993
2023-07-01,MD,5.263657
2023-07-01,ME,4.226253
2023-07-01,MI,3.4518464
2023-07-01,MN,1.9953836
2023-07-01,MO,3.6191554
2023-07-01,MS,4.2552876
2023-07-01,MT,0.6761136
2023-07-01,NC,4.634953
2023-07-01,ND,1.0646342
2023-07-01,NE,3.7479887
2023-07-01,NH,7.4230537
2023-07-01,NM,0.89417076
2023-07-01,NV,0.113467075
2023-07-01,NY,7.0082154
2023-07-01,OH,4.968352
2023-07-01,OK,4.534137
2023-07-01,OR,0.09971436
2023-07-01,PA,5.65602
2023-07-01,SC,4.923014
2023-07-01,SD,2.375233
2023-07-01,TN,4.9068356
2023-07-01,TX,1.4365522
2023-07-01,UT,0.34238195
2023-07-01,VA,4.108389
2023-07-01,WA,0.33493942
2023-07-01,WI,3.631506
2023-07-01,WV,4.2288265
2023-07-01,WY,1.0255492
2023-08-01,AK,2.6970127
2023-08-01,AL,4.0947123
2023-08-01,AR,2.7165604
2023-08-01,AZ,1.4319414
2023-08-01,CA,0.72806627
2023-08-01,CO,1.3289882
2023-08-01,FL,4.9898663
2023-08-01,GA,5.7480636
2023-08-01,IA,3.2111511
2023-08-01,ID,1.7169777
2023-08-01,IL,3.8564382
2023-08-01,IN,2.6745338
2023-08-01,KS,3.0136395
2023-08-01,MD,2.6877615
2023-08-01,ME,5.0687923
2023-08-01,MI,2.5323389
2023-08-01,MN,2.3862998
2023-08-01,MO,4.106201
2023-08-01,MS,1.8648916
2023-08-01,MT,1.3568003
2023-08-01,NC,4.360952
2023-08-01,ND,2.0957549
2023-08-01,NE,2.7264628
2023-08-01,NH,5.493262
2023-08-01,NM,1.2996947
2023-08-01,NV,0.988894
2023-08-01,NY,4.9505844
2023-08-01,OH,3.987085
2023-08-01,OK,2.5196257
2023-08-01,OR,0.6849224
2023-08-01,PA,4.0494165
2023-08-01,SC,5.264982
2023-08-01,SD,2.274195
2023-08-01,TN,5.074222
2023-08-01,TX,0.8501386
2023-08-01,UT,1.7165527
2023-08-01,VA,2.5434585
2023-08-01,WA,0.8401055
2023-08-01,WI,2.3633573
2023-08-01,WV,3.3525572
2023-08-01,WY,1.425261
2023-09-01,AK,2.3839352
2023-09-01,AL,2.1038995
2023-09-01,AR,2.8178973
2023-09-01,AZ,0.78183854
2023-09-01,CA,0.5576951
2023-09-01,CO,0.9810007
2023-09-01,FL,6.182893
2023-09-01,GA,2.5218828
2023-09-01,IA,1.8902006
2023-09-01,ID,1.2366374
2023-09-01,IL,1.9132228
2023-09-01,IN,1.5456861
2023-09-01,KS,1.7198299
2023-09-01,MD,4.837302
2023-09-01,ME,3.4764915
2023-09-01,MI,1.6681799
2023-09-01,MN,2.8098943
2023-09-01,MO,2.2807639
2023-09-01,MS,1.689374
2023-09-01,MT,1.3066432
2023-09-01,NC,3.5315073
2023-09-01,ND,1.5502682
2023-09-01,NE,1.7942054
2023-09-01,NH,4.1732244
2023-09-01,NM,1.1988542
2023-09-01,NV,0.9559631
2023-09-01,NY,5.8034706
2023-09-01,OH,1.2546678
2023-09-01,OK,2.2058873
2023-09-01,OR,1.4585332
2023-09-01,PA,3.062472
2023-09-01,SC,2.9897683
2023-09-01,SD,2.4390051
2023-09-01,TN,1.3272504
2023-09-01,TX,1.9658879
2023-09-01,UT,1.0189304
2023-09-01,VA,2.338935
2023-09-01,WA,1.3965765
2023-09-01,WI,3.492529
2023-09-01,WV,1.7918739
2023-09-01,WY,1.0454893
2023-10-01,AK,1.9191934
2023-10-01,AL,1.1306202
2023-10-01,AR,3.1729054
2023-10-01,AZ,0.20625336
2023-10-01,CA,0.50023144
2023-10-01,CO,0.911664
2023-10-01,FL,2.182179
2023-10-01,GA,1.6848769
2023-10-01,IA,2.9826043
2023-10-01,ID,1.0509065
2023-10-01,IL,2.7729971
2023-10-01,IN,2.5150266
2023-10-01,KS,1.6268631
2023-10-01,MD,1.1083361
2023-10-01,ME,3.3981209
2023-10-01,MI,3.469947
2023-10-01,MN,2.722827
2023-10-01,MO,2.8656375
2023-10-01,MS,1.1479263
2023-10-01,MT,1.1768725
2023-10-01,NC,1.5719128
2023-10-01,ND,1.4336516
2023-10-01,NE,1.5372247
2023-10-01,NH,3.5010428
2023-10-01,NM,0.698051
2023-10-01,NV,0.46460006
2023-10-01,NY,3.369913
2023-10-01,OH,2.7192667
2023-10-01,OK,3.1189342
2023-10-01,OR,2.0209587
2023-10-01,PA,2.2205534
2023-10-01,SC,1.8254716
2023-10-01,SD,2.1624317
2023-10-01,TN,1.5597385
2023-10-01,TX,3.4522438
2023-10-01,UT,0.64052975
2023-10-01,VA,1.050703
2023-10-01,WA,1.7622555
2023-10-01,WI,3.4816685
2023-10-01,WV,1.6502376
2023-10-01,WY,1.4969602
2023-11-01,AK,2.1677885
2023-11-01,AL,2.1396236
2023-11-01,AR,1.6447371
2023-11-01,AZ,0.38162646
2023-11-01,CA,1.4092796
2023-11-01,CO,0.6095335
2023-11-01,FL,3.6086726
2023-11-01,GA,1.7373469
2023-11-01,IA,0.5826644
2023-11-01,ID,1.8635317
2023-11-01,IL,0.9191903
2023-11-01,IN,0.89909583
2023-11-01,KS,0.9796026
2023-11-01,MD,2.267963
2023-11-01,ME,2.2948358
2023-11-01,MI,1.8196406
2023-11-01,MN,0.360084
2023-11-01,MO,1.2210758
2023-11-01,MS,2.9722755
2023-11-01,MT,0.6486482
2023-11-01,NC,2.0232184
2023-11-01,ND,0.2668724
2023-11-01,NE,0.5511108
2023-11-01,NH,2.0805342
2023-11-01,NM,0.40440026
2023-11-01,NV,0.84112
2023-11-01,NY,2.5643651
2023-11-01,OH,1.479207
2023-11-01,OK,1.1372736
2023-11-01,OR,3.5228004
2023-11-01,PA,2.1196184
2023-11-01,SC,1.9974568
2023-11-01,SD,0.3206382
2023-11-01,TN,1.2009274
2023-11-01,TX,1.3926524
2023-11-01,UT,0.7886517
2023-11-01,VA,1.2368563
2023-11-01,WA,3.663607
2023-11-01,WI,0.84465903
2023-11-01,WV,1.381475
2023-11-01,WY,0.73642313
2023-12-01,AK,2.137239
2023-12-01,AL,4.062826
2023-12-01,AR,1.5778129
2023-12-01,AZ,0.7057146
2023-12-01,CA,3.304547
2023-12-01,CO,0.808016
2023-12-01,FL,3.9393487
2023-12-01,GA,4.8452735
2023-12-01,IA,2.3276064
2023-12-01,ID,1.9503078
2023-12-01,IL,2.2510343
2023-12-01,IN,1.8307344
2023-12-01,KS,2.0706723
2023-12-01,MD,6.188342
2023-12-01,ME,3.9822783
2023-12-01,MI,2.2209103
2023-12-01,MN,1.9851309
2023-12-01,MO,2.1215436
2023-12-01,MS,2.966891
2023-12-01,MT,0.46908733
2023-12-01,NC,5.489637
2023-12-01,ND,0.5647194
2023-12-01,NE,1.3655813
2023-12-01,NH,6.8980403
2023-12-01,NM,0.9242096
2023-12-01,NV,1.1872478
2023-12-01,NY,6.68707
2023-12-01,OH,2.2508748
2023-12-01,OK,2.3479664
2023-12-01,OR,4.7525053
2023-12-01,PA,4.9115686
2023-12-01,SC,5.3460197
2023-12-01,SD,0.9472523
2023-12-01,TN,2.438666
2023-12-01,TX,1.6118813
2023-12-01,UT,0.5733835
2023-12-01,VA,3.491681
2023-12-01,WA,4.4977293
2023-12-01,WI,2.186104
2023-12-01,WV,2.6530428
2023-12-01,WY,0.28826904
